KY563343	369910	Eukaryota	Chordata	Actinopteri	Perciformes	Cottidae	Cottus	Cottus_volki	CACCGCGGTTATACGAGAGGCCCAAGTTGACAAACACCGGCGTAAAGCGTGGTTAAGTTAAAAATCGTACTAAAGCCAAACATCTTCAAGACTGTTATACGTAACCGAAGACAGGAAGTTCAACCACGAAAGTCGCTTTATCTCATCTGAACCCACGAAAGCTAAGGAA	GCCGGTAAAACTCGTGCCAGC	CAAACTGGGATTAGATACCCCACTATG
KY563344	369910	Eukaryota	Chordata	Actinopteri	Perciformes	Cottidae	Cottus	Cottus_volki	CACCGCGGTTATACGAGAGGCCCAAGTTGACAAACACCGGCGTAAAGCGTGGTTAAGTTAAAAATCGTACTAAAGCCAAACATCTTCAAGACTGTTATACGTAACCGAAGACAGGAAGTTCAACCACGAAAGTCGCTTTATCTAATCTGAACCCACGAAAGCTAAGGAA	GCCGGTAAAACTCGTGCCAGC	CAAACTGGGATTAGATACCCCACTATG
KY563345	290627	Eukaryota	Chordata	Actinopteri	Perciformes	Cottidae	Cottus	Cottus_amblystomopsis	CACCGCGGTTATACGAGAGGCCCAAGTTGACGAACACCGGCGTAAAGCGTGGTTAAGCTAAAAAATTATACTAAAGCCAAACACCTTCAAGACTGTTATACGTAACCGAGGGCAGGAAGTACAACCACGAAAGTCGCTTTATCAGATCTGAACCCACGAAAGCTAAGGAA	GCCGGTAAAACTCGTGCCAGC	CAAACTGGGATTAGATACCCCACTATG
KY783659	157167	Eukaryota	Chordata	Actinopteri	Perciformes	Cottidae	Cottus	Cottus_czerskii	CACCGCGGTTATACGAGAGGCCCAAGTTGACAAACACCGGCGTAAAGCGTGGTTAAGTTAATAAAAATCGTACTAAAGCCGAACATCTTCAAGACTGTTATACGTAACCGAAGACAGGAAGTCCAACCACGAAAGTCGCTTTATCTGATCTGAATCCACGAAAGCTAAGGAA	GCCGGTAAAACTCGTGCCAGC	CAAACTGGGATTAGATACCCCACTATG
LC275805	137882	Eukaryota	Chordata	Actinopteri	Perciformes	Cottidae	Cottus	Cottus_pollux	CACCGCGGTTATACGAGAGACCCGAGTTGACAAACACCGGCGTAAAGCGTGGTTAGGTTAAAAATCGTACTAAAGCCAAACATCTTCAAGACTGTTATACGTAACCGAAGACAGGAAGTTCAACCACGAAAGTCGCTTTATCTGATCTGAATCCACGAAAGCTAAGGAA	GCCGGTAAAACTCGTGCCAGC	CAAACTGGGATTAGATACCCCACTATG
LC275806	137882	Eukaryota	Chordata	Actinopteri	Perciformes	Cottidae	Cottus	Cottus_pollux	CACCGCGGTTATACGAGAGGCCCGAGTTGACAAACACCGGCGTAAAGCGTGGTTAGGTTAAAAATCGTACTAAAGCCAAACATCTTCAAGACTGTTATACGTAACCGAAGACAGGAAGTTCAACCACGAAAGTCGCTTTATCTGATCTGAATCCACGAAAGCTAAGGAA	GCCGGTAAAACTCGTGCCAGC	CAAACTGGGATTAGATACCCCACTATG
LC275810	137882	Eukaryota	Chordata	Actinopteri	Perciformes	Cottidae	Cottus	Cottus_pollux	CACCGCGGTTATACGAGAGGCCCGAGTTGACAAACGCCGGCGTAAAGCGTGGTTAGGTTAAAAATCGTACTAAAGCCAAACATCTTCAAGACTGTTATACGTAACCGAAGACAGGAAGTTCAACCACGAAAGTCGCTTTATCTGATCTGAATCCACGAAAGCTAAGGAA	GCCGGTAAAACTCGTGCCAGC	CAAACTGGGATTAGATACCCCACTATG
LC275813	137882	Eukaryota	Chordata	Actinopteri	Perciformes	Cottidae	Cottus	Cottus_pollux	CACCGCGGTTATACGAGAGGCCCGAGTTGACAAACACCGGCGTAAAGCGTGGTTAGGTTAAAAATCGTACTAAAGCCAAACATCTTCAAGACTGTTATACGTAACCGAAGGCAGGAAGTTCTACCACGAAAGTCGCTTTATCTGATCTGAATCCACGAAAGCTAAGGAA	GCCGGTAAAACTCGTGCCAGC	CAAACTGGGATTAGATACCCCACTATG
LC275828	137882	Eukaryota	Chordata	Actinopteri	Perciformes	Cottidae	Cottus	Cottus_pollux	CACCGCGGTTATACGAGAGGCCCGAGTTGACAAACACCGGCGTAAAGCGTGGTTAGGTTAAAAATCGTACTAAAGCCAAACATCTTCAAGACTGTTATACGTAACCGAAGACAGGAAGTTCAACCACGAAAGTCGCTTTATCTAATCTGAATCCACGAAAGCTAAGGAA	GCCGGTAAAACTCGTGCCAGC	CAAACTGGGATTAGATACCCCACTATG
LC275834	137882	Eukaryota	Chordata	Actinopteri	Perciformes	Cottidae	Cottus	Cottus_pollux	CACCGCGGTTATACGAGAGGCCCGAGTTGACAAACACCGGCGTAAAGCGTGGCTAGGTTAAAAATCGTACTAAAGCCAAACATCTTCAAGACTGTTATACGTAACCGAAGACAGGAAGTTCAACCACGAAAGTCGCTTTATCTGATCTGAATCCACGAAAGCTAAGGAA	GCCGGTAAAACTCGTGCCAGC	CAAACTGGGATTAGATACCCCACTATG
LC275836	137882	Eukaryota	Chordata	Actinopteri	Perciformes	Cottidae	Cottus	Cottus_pollux	CACCGCGGTTATACGAGAGGCCCGAGTTGACAAACACCGGCGTAAAGCGTGGTTGGGTTAAAAATCGTACTAAAGCCAAACATCTTCAAGACTGTTATACGTAACCGAAGACAGGAAGTTCAACCACGAAAGTCGCTTTATCTGATCTGAATCCACGAAAGCTAAGGAA	GCCGGTAAAACTCGTGCCAGC	CAAACTGGGATTAGATACCCCACTATG
LC275840	137882	Eukaryota	Chordata	Actinopteri	Perciformes	Cottidae	Cottus	Cottus_pollux	CACCGCGGTTATACGAGAGGCCCGAGTTGACAAACACCGGCGTAAAACGTGGTTAGGTTAAAAATCGTACTAAAGCCAAACATCTTCAAGACTGTTATACGTAACCGAAGACAGGAAGTTCAACCACGAAAGTCGCTTTATCTGATCTGAATCCACGAAAGCTAAGGAA	GCCGGTAAAACTCGTGCCAGC	CAAACTGGGATTAGATACCCCACTATG
LC275843	137882	Eukaryota	Chordata	Actinopteri	Perciformes	Cottidae	Cottus	Cottus_pollux	CACCGCGGTTATACGAGAGGCCCGAGTTGACAAACACCAGCGTAAAGCGTGGTTAGGTTAAAAATCGTACTAAAGCCAAACATCTTCAAGACTGTTATACGTAACCGAAGACAGGAAGTTCAACCACGAAAGTCGCTTTATCTGATCTGAATCCACGAAAGCTAAGGAA	GCCGGTAAAACTCGTGCCAGC	CAAACTGGGATTAGATACCCCACTATG
LC275844	137882	Eukaryota	Chordata	Actinopteri	Perciformes	Cottidae	Cottus	Cottus_pollux	CACCGCGGTTATACGAGAGGCCCGAGTTGACAAACGCCGGCGTAAAGCGTGGTTAGGTTAAAAATCGTACTAAAGCCAAACATCTTCAAGACTGTTATACGTAACCGAAGGCAGGAAGTTCAACCACGAAAGTCGCTTTATCTGATCTGAATCCACGAAAGCTAAGGAA	GCCGGTAAAACTCGTGCCAGC	CAAACTGGGATTAGATACCCCACTATG
LC275850	137882	Eukaryota	Chordata	Actinopteri	Perciformes	Cottidae	Cottus	Cottus_pollux	CACCGCGGTTATACGAGAGGCCCGAGTTGACAAACACCGGCGTAAAGCGTGGTTAGGTTAAAAATCGTACTAAAGCCAAACATCTTCAAGACTGTTATACGTAACCGAAAGACAGGAAGTTCAACCACGAAAGTCGCTTTATCTGATCTGAATCCACGAAAGCTAAGGAA	GCCGGTAAAACTCGTGCCAGC	CAAACTGGGATTAGATACCCCACTATG
LC275852	137882	Eukaryota	Chordata	Actinopteri	Perciformes	Cottidae	Cottus	Cottus_pollux	CACCGCGGTTATACGAGAGGCCCGAGTTGACAAACACCGGCGTAAAGCGTGGTTAAGTTAAAAATCGTACTAAAGCCAAACATCTTCAAGACTGTCATACGTAACCGAAGACAGGAAGTTCAACCACGAAAGTCGCTTTATCTGATCTGAATCCACGAAAGCTAAGGAA	GCCGGTAAAACTCGTGCCAGC	CAAACTGGGATTAGATACCCCACTATG
LC434615	137882	Eukaryota	Chordata	Actinopteri	Perciformes	Cottidae	Cottus	Cottus_pollux	CACCGCGGTTATACGAGAGGCCCGAGTTGACAAACACCGGCGTAAAGCGTGGTTAAGTTAAAAATCATACTAAAGCCAAACATCTTCAAGACTGTTATACGTAACCGAAGACAGGAAGTTCAACCACGAAAGTCGCTTTATCTGATCTGAATCCACGAAAGCTAAGGAA	GCCGGTAAAACTCGTGCCAGC	CAAACTGGGATTAGATACCCCACTATG
LC493907	1266884	Eukaryota	Chordata	Actinopteri	Perciformes	Cottidae	Triglops	Triglops_murrayi	CACCGCGGTTATACGAGAGGCCCAAGTTGACAAACACCGGCGTAAAGAGTGGTTAAGAAAAACCTCATACTAAAGCCCAACATCTTCAAGGCTGTTATACGCAACCGAAGACAGGAGGTTCAACCACGAAGGTGGCTTTATCTGATCTGACCCCACGAAAGCTAAGGAA	GCCGGTAAAACTCGTGCCAGC	CAAACTGGGATTAGATACCCCACTATG
LC579415	1802977	Eukaryota	Chordata	Actinopteri	Perciformes	Cottidae	Ocynectes	Ocynectes_modestus	CACCGCGGTTATACGAGAGGCCCACGTTGATAAACACCGGCGTAAAGCGTGGTTACGTTAGAGTTCATACTAAAGCCAAACATCTTCAAAGCTGTTATACGCAACCGAAGACAGGAAGTTCAACCACGAAAGTAGCTTTATTAAACCCGAACCCACGAGAGCTAAGGAA	GCCGGTAAAACTCGTGCCAGC	CAAACGGGGATTAGATACCCCCCTATG
LC584282	2012934	Eukaryota	Chordata	Actinopteri	Perciformes	Cottidae	Ocynectes	Ocynectes_maschalis	CACCGCGGTTATACGAGAGACCCAAGTTGATAAACACCGGCGTAAAGCGTGGTTATATTAATATTTACACTAAAGCCAAACATCTTCAAAGCTGTTATACGCAACCGAAGACAGGAAGTTCACCCACGAAAGTGGCTTTATTAGACCCGAACCCACGAAAGCTAAGGAA	GCCGGTAAAACTCGTGCCAGC	CAAACGAGGATTAGATACCCCCCTATG
LC604978	2810706	Eukaryota	Chordata	Actinopteri	Perciformes	Cottidae	Zesticelus	Zesticelus_ochotensis	CACCGCGGTTATACGAGAGGCCCAAGTTGACAAACACCGGCGTAAAGAGTGGTTAAGTTTAAAAACTCACACTAAAGCCGAACATCTTCAAGGCTGTTATACGCAACCGAAGACAAGAAGTTCAACCACGAAGGTGGCTTTATTTGATCTGAACCCACGAAAGCTAAGGAA	GCCGGTAAAACTCGTGCCAGC	CAAACTGGGATTAGATACCCCACTATG
LC618830	1633459	Eukaryota	Chordata	Actinopteri	Perciformes	Cottidae	Pseudoblennius	Pseudoblennius_cottoides	CACCGCGGTTATACGAGGGGCCCAAGTTGATAAGCCACCGGCGTAGAGCGTGGTTAGGACGAAAATTACACTAGAGCTAAACACCTTCAAGGCTGTTATACGCAACCGAAGATAGGAAGCCCAACCACGAAAGTGGCTTTATCTGGTTTCAACCCACGAAAGCTAGGAGA	GCCGGTAAAACTCGTGCCAGC	CAAACGGGGATTAGACACCCCCCTATG
LC622077	137882	Eukaryota	Chordata	Actinopteri	Perciformes	Cottidae	Cottus	Cottus_pollux	CACCGCGGTTATACGAGAGGCCCGAGTTGACAAACACCGGCGTAAAGCGTGGTTAAGTTAAAAATCGTACTAAAGCCAAACATCTTCAAGACTGTTATACGTAACCGAAGACAGGAAGTTCAACCACGAAAGTCGCTTTATCTGATCTGAGCCCACGAAAGCTAAGGAA	GCCGGTAAAACTCGTGCCAGC	CAAACTGGGATTAGATACCCCACTATG
LC622079	1633460	Eukaryota	Chordata	Actinopteri	Perciformes	Cottidae	Porocottus	Porocottus_allisi	CACCGCGGTTATACGAGAGGCCCAAGTTGACAAACACCGGCGTAAAGCGTGGTTACGTGAAACCTAACACTAAAGCCAAACATCTTCCAGGCTGTTATACGCAACCGGAGACAGGAAGTTCAACCACGAAAGTGGCTTTATCTAAGCCGAACCCACGAAAGCTAAGAAA	GCCGGTAAAACTCGTGCCAGC	CAAACTGGGATTAGATACCCCACTATG
LC630827	290628	Eukaryota	Chordata	Actinopteri	Perciformes	Cottidae	Cottus	Cottus_hangiongensis	CACCGCGGTTATACGAGAGGCCCAAGTTGACAAACACCGGCGTAAAGCGTGGTTAAGTTAAAAATCATACTAAAGCCAAACATCTTCAAGACTGTTATACGTAACCGAAGACAGGAAGTCCAACCACGAAAGTCGCTTTATCTGATCTGAATCCACGAAAGCTAAGGAA	GCCGGTAAAACTCGTGCCAGC	CAAACTGGGATTAGATACCCCACTATG
LC654178	1802980	Eukaryota	Chordata	Actinopteri	Perciformes	Cottidae	Vellitor	Vellitor_minutus	CACCGCGGTTATACGAGGGGCCCAAGTTGATAAGCTACCGGCGTAGAGCGTGGTTAGGACGAAGATTACACTAGGGCCAAACACCTTCAAGGCTGTTATACGCAACCGAAGACAGGAAGTCCAACCACGAAAGTGGCCTTACATGGTTTTAACCCACGAAAGCTAGGAGA	GCCGGTAAAACTCGTGCCAGC	CAAACGGGGATTAGAGACCCCCCTATG
LC661298	1502867	Eukaryota	Chordata	Actinopteri	Perciformes	Cottidae	Stlengis	Stlengis_misakia	CACCGCGGTTATACGAGAGGCCCAAGTTGACAAACACCGGCGTAAAGCGTGGTTAAGCTTAAAACACAAACTAAAGCCAAACATCTTCAAAGCTGTTATACGCAACCGAAGACAGGAAGTTCAACCACGAAAGTGGCTTTATTTAGTCTGAGCCCACGAAAGCTAAGGAA	GCCGGTAAAACTCGTGCCAGC	CAAACTGGGATTAGATACCCCACTATG
LC661318	1802979	Eukaryota	Chordata	Actinopteri	Perciformes	Cottidae	Vellitor	Vellitor_centropomus	CACCGCGGTTATACGAGGGGCCCAAGTTGATAAGCTACCGGCGTAGAGCGTGGTTAGGACGAAGATTACACTAGGGCCAAACACCTTCAAGGCTGTTATACGCAACCGAAGACAGGAAGTCCAACCACGAAAGTGGCTCTATGCGGTTTTAACCCACGAAAGCTAGGAGA	GCCGGTAAAACTCGTGCCAGC	CAAACGGGGATTAGAGACCCCCCTATG
LC661319	1802979	Eukaryota	Chordata	Actinopteri	Perciformes	Cottidae	Vellitor	Vellitor_centropomus	CACCGCGGTTATACGAGGGGCCCAAGTTGATAAGCTACCGGCGTAGAGCGTGGTTAGGACGAAGACTACAATAGGGCCAAACACCTTCAAGGCTGTTATACGCAACCGAAGACAGGAAGTCCAACCACGAAAGTGGCTCTATACGGTTTTAACCCACGAAAGCTAGGAGA	GCCGGTAAAACTCGTGCCAGC	CAAACGGGGATTAGAGACCCCCCTATG
MK936041	476925	Eukaryota	Chordata	Actinopteri	Perciformes	Cottidae	Megalocottus	Megalocottus_platycephalus	CACCGCGGTTATACGAGAGGCCCAAGTTGACAAACACCGGCGTAAAGCGTGGTTAAGTAAAAACTCACACTAAAGCCAAACATCTTCCAGGCTGTCATACGCAACCGAAGACAGGAAGTTCAACCACGAAAGTGGCTTTATCTGGTCTGAACCCACGAAAGCTAAGGAA	GCCGGTAAAACTCGTGCCAGC	CAAACTGGGATTAGATACCCCACTATG
MN162694	980339	Eukaryota	Chordata	Actinopteri	Perciformes	Cottidae	Myoxocephalus	Myoxocephalus_jaok	CACCGCGGTTATACGAGAGGCCCAAGTTGACAAACACCGGCGTAAAGCGTGGTTAAGTAAAAACTTACACTAAAGCCAAACATCTTCCAGGCTGTTATACGCAACCGAAGACAGGAAGTTCAACCACGAAAGTGGCTTTATCTAGTCTGAACCCACGAAAGCTAAGGAA	GCCGGTAAAACTCGTGCCAGC	CAAACTGGGATTAGATACCCCACTATG
MT103905	980323	Eukaryota	Chordata	Actinopteri	Perciformes	Cottidae	Artediellus	Artediellus_atlanticus	CACCGCGGTTATACGAGAGGCCCAAGTTGACAAACACCGGCGTAAAGAGTGGTTAAGTTAAAACGCATACTAAAGCCAAACGTCTTCAAGGCTGTTATACGCAACCGAAGACAGGAAGTTCAACCACGAAGGTGGCTTTACCTACCTGAACCCACGAAAGCTAAGGAA	GCCGGTAAAACTCGTGCCAGC	CAAACTGGGATTAGATACCCCACTATG
MT103906	1266864	Eukaryota	Chordata	Actinopteri	Perciformes	Cottidae	Artediellus	Artediellus_uncinatus	CACCGCGGTTATACGAGAGGCCCAAGTTGACAAACACCGGCGTAAAGAGTGGTTAAGTTATAAACCTCATACTAAAGCCAAACATCTTCAAGGCTGTTATACGCAACCGAAGACAGGAAGTTCAACCACGAAAGTGACTTTATTTGATCTGAACCCACGAAAGCTAAGGAA	GCCGGTAAAACTCGTGCCAGC	CAAACTGGGATTAGATACCCCACTATG
MT103923	68557	Eukaryota	Chordata	Actinopteri	Perciformes	Cottidae	Myoxocephalus	Myoxocephalus_octodecemspinosus	CACCGCGGTTATACGAGAGGCCCAAGTTGACAAACACCGGCGTAAAGCGTGGTTAAGTAAAAACTCACACTAAAGCCAAACATTTTCCAGGCTGTTATACGCAACCGAAGACAGGAAGCTCAACCACGAAAGTGGCTTTATCTAATCTGAACCCACGAAAGCTAAGGAA	GCCGGTAAAACTCGTGCCAGC	CAAACTGGGATTAGATACCCCACTATG
MT103926	1266884	Eukaryota	Chordata	Actinopteri	Perciformes	Cottidae	Triglops	Triglops_murrayi	CACCGCGGTTATACGAGAGGCCCAAGTTGACAAACACCGGCGTAAAGAGTGGTTAAGAAAAAACTCATACTAAAGCCCAACATCTTCAAGGCTGTTATACGCAACCGAAGACAGGAGGTTCAACCACGAAGGTGGCTTTATCTGATCTGACCCCACGAAAGCTAAGGAA	GCCGGTAAAACTCGTGCCAGC	CAAACTGGGATTAGATACCCCACTATG
MT303953	200680	Eukaryota	Chordata	Actinopteri	Perciformes	Cottidae	Myoxocephalus	Myoxocephalus_quadricornis	CACCGCGGTTATACGAGAGGCCCAAGTTGACAAACACCGGCGTAAAGCGTGGTTAAGTAAAAACTCACACTAAAGCCAAACATCTTCCAGGCTGTTATACGCAACCGAAGACAGGAAGTTCAACCACGAAAGTGGCTTTATCTAGTCTGAACCCACGAAAGCTAAGGAA	GCCGGTAAAACTCGTGCCAGC	CAAACTGGGATTAGATACCCCACTATG
MT303954	200680	Eukaryota	Chordata	Actinopteri	Perciformes	Cottidae	Myoxocephalus	Myoxocephalus_quadricornis	CACCGCGGTTATACGAGAGGCCCAAGTTGACAGACACCGGCGTAAAGCGTGGTTAAGTAAAAATTCACACTAAAGCCAAACATCTTCCAGGCTGTTATACGCAACCGAAGACAGGAAGTTCAACCACGAAAGTGGCTTTATCTAGTCTGAACCCACGAAAGCTAAGGAA	GCCGGTAAAACTCGTGCCAGC	CAAACTGGGATTAGATACCCCACTATG
MT410868	61643	Eukaryota	Chordata	Actinopteri	Perciformes	Cottidae	Taurulus	Taurulus_bubalis	CACCGCGGTTATACGAGAGGCCCAAGTTGACAAACACCGGCGTAAAGCGTGGTTAGGGAAAACTCACACTAAAGCCAAACATCTTCCAGGCTGTTATACGCAACTGAAGATAGGAAGTTCAACCACGAAAGTGGCTTTACCAGACCTGAATCCACGAAAGCTAAGGAA	GCCGGTAAAACTCGTGCCAGC	CAAACTGGGATTAGATACCCCACTATG
MT410889	8097	Eukaryota	Chordata	Actinopteri	Perciformes	Cottidae	Myoxocephalus	Myoxocephalus_scorpius	CACCGCGGTTATACGAGAGGCCCAAGTTGACAAACACCGGCGTAAAGCGTGGTTAAGTAAAAACTCACACTAAAGCCAAACATCTTCCAGGCTGTTATACGCAACCGAAGACAGGAAGTTCAACCACGAAAGTGGCTTTATCTAGTCTGAACCCACGAAAGCTAAGGAA	GCCGGTAAAACTCGTGCCAGC	CAAACTGGGATTAGATACCCCACTATG
MF326939	214916	Eukaryota	Chordata	Actinopteri	Perciformes	Cottidae	Cottus	Cottus_asper	CACCGCGGTTATACGAGAGGCCCAAGTTGACAAACACCGGCGTAAAGCGTGGTTAAGTTAAAAATCATACTAAAGCCAAACATCTTCAAGACTGTTATACGTAACCGAAGACAGGAAGTTCAACCACGAAAGTCGCTTTATCTGATCTGAATCCACGAAAGCTAAGGAA	GCCGGTAAAACTCGTGCCAGC	CAAACTGGGATTAGATACCCCACTATG
MF326940	446432	Eukaryota	Chordata	Actinopteri	Perciformes	Cottidae	Cottus	Cottus_perifretum	CACCGCGGTTATACGAGAGGCCCAAGTTGACAAACACCGGCGTAAAGCGTGGTTAAGTTAAAAATCCTACTAAAGCCAAACATCTTCAAGACTGTTATACGTAACCGAAGACAGGAAGTTCAACCACGAAAGTCGCTTTATCTGATCTGAATCCACGAAAGCTAAGGAA	GCCGGTAAAACTCGTGCCAGC	CAAACTGGGATTAGATACCCCACTATG
MF326941	446433	Eukaryota	Chordata	Actinopteri	Perciformes	Cottidae	Cottus	Cottus_rhenanus	CACCGCGGTTATACGAGAGGCCCAAGTTGACAAACACCGGCGTAAAGCGTGGTTAAGTTAAAAATCATACTAAAGCCAAACATCTTCAAGACTGTTATACGTAACCGAAGATAGGAAGTTCAACCACGAAAGTCGCTTTATCTGATCTGAATCCACGAAAGCTAAGGAA	GCCGGTAAAACTCGTGCCAGC	CAAACTGGGATTAGATACCCCACTATG
MF346885	200676	Eukaryota	Chordata	Actinopteri	Perciformes	Cottidae	Comephorus	Comephorus_baikalensis	CACCGCGGTTATACGAGAGGCCCAAGTTGACAAACACCGGCGTAAAGCGTGGTTAAGTTAAAAATCGTACTAAAGCCAAACATCTTCAAGACTGTTATACGTAGCCGAAGACAGGAAGTTCAACCACGAAAGTCGCTTTATCTGATCTGAATCCACGAAAGCTAAGGAA	GCCGGTAAAACTCGTGCCAGC	CAAACTGGGATTAGATACCCCACTATG
MF346886	200676	Eukaryota	Chordata	Actinopteri	Perciformes	Cottidae	Comephorus	Comephorus_baikalensis	CACCGCGGTTATACGAGAGGCCCAAGTTGACAAACACCGGCGTAAAGCGTGGTTAAGTTAAAAATCGTACTAAAGCCAAACATCTTCAAGACTGTTATACGTAGCCGAAGACAGGAAGTCCAACCACGAAAGTCGCTTTATCTGATCTGAATCCACGAAAGCTAAGGAA	GCCGGTAAAACTCGTGCCAGC	CAAACTGGGATTAGATACCCCACTATG
MF346887	61641	Eukaryota	Chordata	Actinopteri	Perciformes	Cottidae	Comephorus	Comephorus_dybowskii	CACCGCGGTTATACGAGAGGCCCAAGTTGACAAACACCGGCGTAAAGCGTGGTTAAGTTAAAAATCGTACTAAAGCCAAACATCTTCAAGACTGTTATACGTAACCGAAGACAGGAAGTTCAACCACGAAAGTCGCTTTATCTGATCTGAATCCACGAAAGCTAAGGAA	GCCGGTAAAACTCGTGCCAGC	CAAACTGGGATTAGATACCCCACTATG
MG784718	290630	Eukaryota	Chordata	Actinopteri	Perciformes	Cottidae	Trachidermus	Trachidermus_fasciatus	CACCGCGGTTATACGAGAGACTCAAGCTGACAAACACCGGCGTAAAGCGTGGTTAAGCTAAAAATTTGCTAAAGTCAAACACCTTCAAGACTGTTATACGTACCCGAAGGCAGGAAGCACAACCACGAAAGTGACTTTAACTAAGCTGAATCCACGAAAGCTAAGGAA	GTCGGTAAAACTCGTGCCAGC	CAAACTGGGATTAGATACCCCACTATG
MG924472	147210	Eukaryota	Chordata	Actinopteri	Perciformes	Cottidae	Cottus	Cottus_cognatus	CACCGCGGTTATACGAGAGGCCCAAGTTGACAAACACCGGCGTAAAGCGTGGTTAAGTTAAAAATCGTACTAAAGCCAAACATCTTCAAGACTGTTATACGTAACCGAAGACAGGAAGTTCAACCACGAAAGTCGCTTTATCTGATCTGAATCCACGAAAGCTAAGGAA	GCCGGTAAAACTCGTGCCAGC	CAAACTGGGATTAGATACCCCACTATG
MG924474	304288	Eukaryota	Chordata	Actinopteri	Perciformes	Cottidae	Cottus	Cottus_ricei	CACCGCGGTTATACGAGAGGCCCAAGTTGACAAACACCGGCGTAAAGCGTGGTTAAGTTAAAAAATCATACTAAAGCCAAACATCTTCAAGACTGTTATACGTAACCGAAGACAGGAAGTTCAACCACGAAAGTCGCTTTATCTGATCTGAATCCACGAAAGCTAAGGAA	GCCGGTAAAACTCGTGCCAGC	CAAACTGGGATTAGATACCCCACTATG
AP004442	137881	Eukaryota	Chordata	Actinopteri	Perciformes	Cottidae	Cottus	Cottus_reinii	CACCGCGGTTATACGAGAGGCCCAAGTTGACAAACACCGGCGTAAAGCGTGGTTAAGTTAAAAATCGTACTAAAGCCAAACATCTTCAAGACTGTTATACGTAACCGAAGACAGGAAGTTCTCCCACGAAAGTCGCTTTATCTAGTCTGAACCCACGAAAGCTAAGGAA	GCCGGTAAAACTCGTGCCAGC	CAAACTGGGATTAGATACCCCACTATG
AP004448	2607498	Eukaryota	Chordata	Actinopteri	Perciformes	Cottidae	Icelus	Icelus_toyamensis	CACCGCGGTTATACGAGAGGCCCAAGTTGAAAGACCCCGGCGTAAAGAGTGGTTAAGTTAGAATTTTACTAAAGCCGAACATCCTCACGGCTGTTATACGCACCCGAGGATAAGAAGCTCAGCCACGAAGGTAGCTTTATTTGTCTGAACCCACGAAAGCTACGGCA	GCCGGTAAAACTCGTGCCAGC	CAAACTGGGATTAGATACCCCACTATG
OK172564	1738886	Eukaryota	Chordata	Actinopteri	Perciformes	Cottidae	Ascelichthys	Ascelichthys_rhodorus	CACCGCGGTTATACGAGAGGCCCAAGTTGACAAACACCGGCGTAAAGCGTGGTTAAGTTGAAACTCACACTAAAGCCAAACACCCTCAAAGCTGTTATACGCACCCGAGGGCAGGAAGTTCAACCACGAAGGTGGCTTTATTTAATCTGACTCCACGAAAGCTAGGAAA	GCCGGTAAAACTCGTGCCAGC	CAAACTGGGATTAGATACCCCACTATG
OK172565	459045	Eukaryota	Chordata	Actinopteri	Perciformes	Cottidae	Clinocottus	Clinocottus_acuticeps	CACCGCGGTTATACGAGGGGCCCAAGTTGACATGCACCGGCGTAAAACGTGGCTAGGATACACACCCACACTAAAGCCAAACACCTTCAAAGCTGTAATACGCAATCGGAGACAGGAAGTCCCACCACGAAAGTAGCTTTATCTGATCTGAGCCCACGAAAGCTAGGGGA	GCCGGTAAAACTCGTGCCAGC	CAAACTGGGATTAGATACCCCACTATG
OK172566	328410	Eukaryota	Chordata	Actinopteri	Perciformes	Cottidae	Oligocottus	Oligocottus_maculosus	CACCGCGGTTATACGAGAGGCCCAAGTTGACAGATGCCGGCGTAAAACGTGGCTAGACTGAACCCCAACTAAAGCCAAACACCTTCAAAGCTGTGATACGCAAACGAAGGCAGGAAATACTACCACGAAAGTGGCTTTATCCAATTTGAACCCACGAAAGCTAGGGAA	GCCGGTAAAACTCGTGCCAGC	CAAACTGGGATTAGACACCCCACTATG
OK172567	8096	Eukaryota	Chordata	Actinopteri	Perciformes	Cottidae	Myoxocephalus	Myoxocephalus_aenaeas	CACCGCGGTTATACGAGAGGCCCAAGTTGACAAACACCGGCGTAAAGCGTGGTTAAGTAAAAACTCACACTAAAGCCAAACATCTTCCAGGCTGTTATACGCAACCGAAGACAGGAAGTTCAACCACGAAAGTGGCTTTATCTAATCTGAACCCACGAAAGCTAAGGAA	GCCGGTAAAACTCGTGCCAGC	CAAACTGGGATTAGATACCCCACTATG
OK172570	322683	Eukaryota	Chordata	Actinopteri	Perciformes	Cottidae	Artedius	Artedius_lateralis	CACCGCGGTTATACGAATGACCCAAGTTGACAGATACTCGGCGTAAAACGTGGCTAAGCTACACACTCCCACTAAAGCCAAACACCTTCAAAGCTGTGATACGCAATCGAAGGCAGGAAGTCCCACCACGAAAGTGGCTTTACCTAATCTGAGTCCACGAAAGCTAGGAGA	GCCGGTAAAACTCGTGCCAGC	CAAACTGGGATTAGACACCCCACTATG
OK172572	320617	Eukaryota	Chordata	Actinopteri	Perciformes	Cottidae	Enophrys	Enophrys_bison	CACCGCGGTTATACGAGAGGCCCAAGTTGACAAACACCGGCGTAAAGCGTGGTTAAGAAAAATTCACACTAAAGCCAAACATCTTCCAGGCTGTTATACGCAATCGAAGATAGGAAGTTCAACCACGAAGGTGGCTTTATCTAACCTGAACCCACGAAAGCTAAGGAA	GCCGGTAAAACTCGTGCCAGC	CAAACTGGGATTAGATACCCCACTATG
OK172573	52273	Eukaryota	Chordata	Actinopteri	Perciformes	Cottidae	Scorpaenichthys	Scorpaenichthys_marmoratus	CACCGCGGTTATACGAGAGGCCCAAGTTGATAGACACCGGCGTAAAGCGTGGTTAAGTTAAAACCCATACTAAAGCCAAACATCTTCAAGGCTGTTATACGCAACCGAAGACAGGAAGTTCAACCACGAAAGTGGCTTTATTAGTCTGAATCCACGAAAGCTAAGGAA	GCCGGTAAAACTCGTGCCAGC	CAAACTGGGATTAGATACCCCACTATG
OK172574	274758	Eukaryota	Chordata	Actinopteri	Perciformes	Cottidae	Artedius	Artedius_fenestralis	CACCGCGGTTATACGAGTGGCCCAAGTTGACAGACACTCGGCGTAAAACGTGGCTAGGCTAAACACTCAAACTAAAGCCGAACACCTTCTAAGCTGTGATACGCAATCGAAGGCAGGAAGCCCCACCACGAAAGTGGCTTTAACCTGAGCTGAACCCACGAAAGCTAGGGAA	GCCGGTAAAACTCGTGCCAGC	CAAACTGGGATTAGATACCCCACTATG
OK172575	433390	Eukaryota	Chordata	Actinopteri	Perciformes	Cottidae	Hemilepidotus	Hemilepidotus_hemilepidotus	CACCGCGGTTATACGAGAGGCCCAAGTTGATGACCACCGGCGTAAAGGGTGGTTAAGTTAAAACTCACACTAAAGTCAAACATCTTCAAGATTGTTATACATACCCGAAGACAGGAAGTTCAACCACGAAAGTGACTTTATATGATCTGACCCCACGAAAGCTAAGGAA	GCCGGTAAAACTCGTGCCAGC	CAAACTGGGATTAGATACCCCACTATG
ON184012	1302306	Eukaryota	Chordata	Actinopteri	Perciformes	Cottidae	Cottus	Cottus_koreanus	CACCGCGGTTATACGAGAGGCCCAAGTTGACAAACACCGGCGTAAAGCGTGGTTAGGTTAAAAATCGCACTAAAGCTAAACATCTTCAAGACTGTTATACGTAACCGAAGACAGGAAGTTCAACCACGAAAGTCGCTTTATCTGATCTGAACCCACGAAAGCTAAGGAA	GCCGGTAAAACTCGTGCCAGC	CAAACTGGGATTAGATACCCCACTATG
MH638324	1530446	Eukaryota	Chordata	Actinopteri	Perciformes	Cottidae	Cottus	Cottus_dzungaricus	CACCGCGGTTATACGAGAGACCCAAGTTGACAAACACCGGCGTAAAGCGTGGTTAAGTTAAAAATCATACTAAAGCCAAACATCTTCAAGACTGTTATACGTAACCGAAGACAGGAAGTTCAACCACGAAAGTCGCTTTATCTGATCTGAATCCACGAAAGCTAAGGAA	GCCGGTAAAACTCGTGCCAGC	CAAACTGGGATTAGATACCCCACTATG
MH918138	100952	Eukaryota	Chordata	Actinopteri	Perciformes	Cottidae	Cottus	Cottus_gobio	CACCGCGGTTATACGAGAGGCCCAAGTTGACAAACACCGGCGTAAAGCGTGGTTAAGTTAAAAATCCTACTAAAGCCAAACATCTTCAAGACTGTTATACGTAACCGAAGACAGGAAGTTCAACCACGAAAGTCGCTTTATCTGATCTGAATCCACGAAAGCTAAGGAA	GCCGGTAAAACTCGTGCCAGC	CAAACTGGGATTAGATACCCCACTATG
MK204282	980329	Eukaryota	Chordata	Actinopteri	Perciformes	Cottidae	Gymnocanthus	Gymnocanthus_tricuspis	CACCGCGGTTATACGAGAGGCCCAAGTTGACAAACACCGGCGTAAAGAGTGGTTAAGTCAAAACTCATACTAAAGCCAAACATCTTCAAGACTGTTATACGCAACCGAAGACAGGAAGTTCAACCACGAAAGTGGCTTTATCTCATCTGAACCCACGAAAGCTAAGGAA	GCCGGTAAAACTCGTGCCAGC	CAAACTGGGATTAGATACCCCACTATG
MK224511	1633458	Eukaryota	Chordata	Actinopteri	Perciformes	Cottidae	Cottiusculus	Cottiusculus_nihonkaiensis	CACCGCGGTTATACGAGAGGCCCAAGTTGACAAACACCGGCGTAAAGAGTGGTTAAGCTACAAACCCCATACTAAAGCCAAACATCTTCACGGCTGTTATACGCAACCGAAGGCAGGAAGTTCAACCACGAAAGTGGCTTTATTTGATCTGAACCCACGAAAGCTAAGGAA	GCCGGTAAAACTCGTGCCAGC	CAAACTGGGATTAGATACCCCACTATG
MK621914	238839	Eukaryota	Chordata	Actinopteri	Perciformes	Cottidae	Myoxocephalus	Myoxocephalus_polyacanthocephalus	CACCGCGGTTATACGAGAGGCCCAAGTTGACAAACACCGGCGTAAAGCGTGGTTAAGTAAAAACTTACACTAAAGCCAAACATCTTCCAGGCTGTTATACGCAACCGAAGACAGGAAGTTCAACCACGAAAGTGGCTTTATCTAGTCTGAACCCACGAAAGCTAAGGAA	GCCGGTAAAACTCGTGCCAGC	CAAACTGGGATTAGATACCCCACTATG
MK621915	238839	Eukaryota	Chordata	Actinopteri	Perciformes	Cottidae	Myoxocephalus	Myoxocephalus_polyacanthocephalus	CACCGCGGTTATACGAGAGGCCCAAGTTGACAAACACCGGCGTAAAGCGTGGTTAAGTAAAAACTTACACTAAAGCCAAACATCTTCCAGGCTGTTATACGCAACCGAAGACAGGAAGTTCAACCACGAAAGTGGCTTTATCTAATCTGAACCCACGAAAGCTAAGGAA	GCCGGTAAAACTCGTGCCAGC	CAAACTGGGATTAGATACCCCACTATG
KJ956027	157167	Eukaryota	Chordata	Actinopteri	Perciformes	Cottidae	Cottus	Cottus_czerskii	CACCGCGGTTATACGAGAGGCCCAAGTTGACAAACACCGGCGTAAAGCGTGGTTAAGTTAAAAATCACACTAAAGCCAAACATCTTCAAGACTGTTATACGTAACCGAAGGCAGGAAGTTCAACCACGAAAGTCGCTTTATCTGATCTGAACCCACGAAAGCTAAGGAA	GCCGGTAAAACTCGTGCCAGC	CAAACTGGGATTAGATACCCCACTATG
KM057945	200672	Eukaryota	Chordata	Actinopteri	Perciformes	Cottidae	Asprocottus	Asprocottus_pulcher	CACCGCGGTTATACGAGAGGCCCAAGTTGACAAACACCGGCGTAAAGCGTGGTTAAGTTAAAAATCGTACTAAAGCCAAACATCTTCAAGACTGTTATACGTAACCGAAGATAGGAAGTTCAACCACGAAAGTCGCTTTATCTGATCTGAATCCACGAAAGCTAAGGAA	GCCGGTAAAACTCGTGCCAGC	CAAACTGGGATTAGATACCCCACTATG
KM057947	37346	Eukaryota	Chordata	Actinopteri	Perciformes	Cottidae	Batrachocottus	Batrachocottus_baicalensis	CACCGCGGTTATACGAGAGGCCCAAGTTGACAAACACCGGCGTAAAGCGTGGTTAAGTTAAAAATCGTACTAAAGCCAAACATCTTCAAGACTGTTATACGTAACCGAAGACAGGAAGTTCAACCACGAAAGTCGCTTTATCTGATCTGAACCCACGAAAGCTAAGGAA	GCCGGTAAAACTCGTGCCAGC	CAAACTGGGATTAGATACCCCACTATG
KM057950	304258	Eukaryota	Chordata	Actinopteri	Perciformes	Cottidae	Clinocottus	Clinocottus_analis	CACCGCGGTTATACGAGAGGCCCAAGTTGACAGACACCGGCGTAAAACGTGGCTAAACTATGCCCCAKACTAAGGCCAAACGCCCTCAAAGCTGTGATACGCAGACGAGGCTAGGAAGTCCCACCACGAAAGTGGCCTTAATCCAACTTGAACCCACGAAAGCTAGGAGA	GCCGGTAAAACTCGTGCCAGC	CAAACTGGGATTAGATACCCCACTATG
KM057951	200676	Eukaryota	Chordata	Actinopteri	Perciformes	Cottidae	Comephorus	Comephorus_baikalensis	CACCGCGGTTATACGAGAGGCCCAAGTTGACAAACACCGGCGTAAAGCGTGGTTAAGTTAAAAATCGTACTAAAGCCAAACATCTTCAAGACTGTTATACGTAACCGAAGACAGGAAGTTCAACCACGAAAGTCGCTTTATCTGATCTGAATCCACGAAAGCTAAGGAA	GCCGGTAAAACTCGTGCCAGC	CAAACTGGGATTAGATACCCCACTATG
KM057952	61627	Eukaryota	Chordata	Actinopteri	Perciformes	Cottidae	Cottocomephorus	Cottocomephorus_inermis	CACCGCGGTTATACGAGAGGCCCAAGTTGACAAACACCGGCGTAAAGCGTGGTTAAGTTAAAAATCGTACTAAAGCCAAACATCTTCAAGACTGTTATACGTAACCGAAGACAGGAAGTTCAACCACGAAAGTCGCTTTATCTGATCTGAATCCACGAAAGCTAAGGAA	GCCGGTAAAACTCGTGCCAGC	CAAACTGGGATTAGATACCCCACTATG
KM057959	274759	Eukaryota	Chordata	Actinopteri	Perciformes	Cottidae	Hemilepidotus	Hemilepidotus_jordani	CACCGCGGTTATACGAGAGGCCCAAGTTGATGACCACCGGCGTAAAGCGTGGTTAAGTTAAAACTCACACTAAAGTCAAACATCTTCAAGACTGTTATACGTACCCGAAGACAGGAAGTTCAACCACGAAAGTGACTTTATATGATCTGACCCCACGAAAGCTAAGGAA	GCCGGTAAAACTCGTGCCAGC	CAAACTGGGATTAGATACCCCACTATG
KM057960	274760	Eukaryota	Chordata	Actinopteri	Perciformes	Cottidae	Hemilepidotus	Hemilepidotus_zapus	CACCGCGGTTATACGAGAGACCCAAGTTGATGACCACCGGCGTAAAGCGTGGTTAAGTTAAAACTCACACTAAAGTCAAACATCTTCAAGACTGTTATACGTACCCGAAGACAGGAAGTTCAACCACGAAAGTGACTTTATATGATCTGACCCCACGAAAGCTAAGGAA	GCCGGTAAAACTCGTGCCAGC	CAAACTGGGATTAGATACCCCACTATG
KM057965	274762	Eukaryota	Chordata	Actinopteri	Perciformes	Cottidae	Icelinus	Icelinus_filamentosus	CACCGCGGTTATACGAGAGGCCCAAGTTGACAAACACCGGCGTAAAGCGTGGTTAAGTTAATTCTCATACTAAAGCCAAACACCTTCAAAGCTGTTATACGCAACCGAAGGCAGGAAGTTCAACCACGAAAGTGGCTTTAATTTGATCTGAACCCACGAAAGCTAAGGAA	GCCGGTAAAACTCGTGCCAGC	CAAACTGGGATTAGATACCCCACTATG
KM057966	557345	Eukaryota	Chordata	Actinopteri	Perciformes	Cottidae	Icelus	Icelus_spiniger	CACCGCGGTTATACGAGAGGCCCAAGTTGACAAACACCGGCGTAAAGAGTGGTTAAGTTAAAACTCACACTAAAGCCAAACGTCTTCAAGGCTGTTATACGCAACCGAAGACAGGAAGTTCAACCACGAAGGTGGCTTTACCTGATCTGAACCCACGAAAGCTAAGGAA	GCCGGTAAAACTCGTGCCAGC	CAAACTGGGATTAGATACCCCACTATG
KM057968	214925	Eukaryota	Chordata	Actinopteri	Perciformes	Cottidae	Leptocottus	Leptocottus_armatus	CACCGCGGTTATACGAGAGGCCCAAGTTGACAAACACCGGCGTAAAGCGTGGTTAAGTTAAAAATCACACTAAAGCCAAACATCTTCAAGACTGTTATACGTAACCGAAGACAGGAAGTTCAACCACGAAAGTGGCTTTATCTGATCTGAACCCACGAAAGCTAAGGAA	GCCGGTAAAACTCGTGCCAGC	CAAACTGGGATTAGATACCCCACTATG
KM057972	274766	Eukaryota	Chordata	Actinopteri	Perciformes	Cottidae	Microcottus	Microcottus_sellaris	CACCGCGGTTATRCGAGAGGCCCAAGTTGACAAACACCGGCGTAAAGCGTGGTTAAGTAAAAACTCACACTAAAGCCAAACATCTTCCAGGCTGTTATACGCAACCGAAGACAGGAAGTTCAACCACGAAAGTGGCTTTATCTAGTCTGAACCCACGAAAGCTAAGGAA	GCCGGTAAAACTCGTGCCAGC	CAAACTGGGATTAGATACCCCACTATG
KM057977	305512	Eukaryota	Chordata	Actinopteri	Perciformes	Cottidae	Orthonopias	Orthonopias_triacis	CACCGCGGTTATACGAGGGGCCCAAGTTGACAGATACCGGCGTAAAACGTGGCAAAAACGTACCCCCGACTAAAGCCAAACACCCCCAAAGCTGTAATACGTAAATGGGGGCAGGAAGCCCTACCACGAAGGTGGCTTTACTTAATTTGAACCCACGAAAGCTAGGGGA	GCCGGTAAAACTCGTGCCAGC	CAAACTGGGATTAGACACCCCACTATG
KM057981	1526734	Eukaryota	Chordata	Actinopteri	Perciformes	Cottidae	Porocottus	Porocottus_camtschaticus	CACCGCGGTTATACGAGAGGCCCAAGTTGACAAACACCGGCGTAAAGCGTGGTTACGTAAAAACTCACACTAAAGCAGAACATCTTCCAGGCTGTTATACGCAACCGGAGACAGGAAGTTCAACCACGAAAGTGGCTTTATCCAAACCGAACCCACGAAAGCTAAGGAA	GCCGGTAAAACTCGTGCCAGC	CAAACTGGGATTAGATACCCCACTATG
KM057983	274768	Eukaryota	Chordata	Actinopteri	Perciformes	Cottidae	Radulinus	Radulinus_asprellus	CACCGCGGTTATACGAGAGGCCCAAGTTGACAAACACCGGCGTAAAGAGTGGTTAAGTTAAAACTCACACTAAAGCCAAACATCTTCAAGGCTGTTATACGCAACCGAAGACAGGAAGTTCAACCACGAAAGTGGCTTTATCGAAGCTGAACCCACGAAAGCTAAGGAA	GCCGGTAAAACTCGTGCCAGC	CAAACTGGGATTAGATACCCCACTATG
KM057984	1311559	Eukaryota	Chordata	Actinopteri	Perciformes	Cottidae	Rastrinus	Rastrinus_scutiger	CACCGCGGTTATACGAGAGGCCCAAGTTGACAAACACCGGCGTAAAGAGTGGTTAAGTTAAAACACATACTAAAGCCAAACGTCTTCAAGGCTGTTATACGCAACCGAAGACAGGAAGTTCAACCACGAAAGTGGCTTTATCTACCTGAACCCACGAAAGCTAAGGAA	GCCGGTAAAACTCGTGCCAGC	CAAACTGGGATTAGATACCCCACTATG
KM057990	61643	Eukaryota	Chordata	Actinopteri	Perciformes	Cottidae	Taurulus	Taurulus_bubalis	CACCGCGGCTATACGAGAGGCCAAGTTGACAAACACCGGCGTAAAGCGTGGTTAGGGAAAACTCACACTAAAGCCAAACATCTTCCAGGCTGTTATACGCAACTGAAGATAGGAAGTTCAACCACGAAAGTGGCTTTACCAGACCTGAATCCACGAAAGCTAAGGAA	GCCGGTAAAACTCGTGCCAGC	CAAACTGGGATTAGATACCCCACTATG
KM057992	274770	Eukaryota	Chordata	Actinopteri	Perciformes	Cottidae	Triglops	Triglops_scepticus	CACCGCGGTTATACGAGAGGCCCAAGTTGACAAACACCGGCGTAAAGGGTGGTTAAGTTAAAACTCATACTAAAGCCAAACATCTTCAAGACTGTTATACGCAACCGAAGACAGGAAGTTCAACCACGAAAGTGGCTTTATCTGATCTGAACCCACGAAAGCTAAGGAA	GCCGGTAAAACTCGTGCCAGC	CAAACTGGGATTAGATACCCCACTATG
KM057993	147208	Eukaryota	Chordata	Actinopteri	Perciformes	Cottidae	Cottus	Cottus_bairdii	CACCGCGGTTATACGAGAGGCCCAAGTTGACAAACACCGGCGTAAAGCGTGGTTAAGTTAAAAATCGTACTAAAGCCAAACATCTTCAAGACTGTTATACGTAACCGAAGACAGGAAGTTCAACCACGAAAGTCGCTTTATCTGATCTGAATCCACGAAAGCTAAGGAA	GCCGGTAAAACTCGTGCCAGC	CAAACTGGGATTAGATACCCCACTATG
KM057994	147209	Eukaryota	Chordata	Actinopteri	Perciformes	Cottidae	Cottus	Cottus_carolinae	CACCGCGGTTATACGAGAGGCCCAAGTTGACAAACACCGGCGTAAAGCGTGGTTAAGTTAAAAATCGTACTAAAGCCAAACATCTTCAAGACTGTTATACGTAACCGAAGGCAGGAAGTTCAACCACGAAAGTCGCTTTATCTGATCTGAATCCACGAAAGCTAAGGAA	GCCGGTAAAACTCGTGCCAGC	CAAACTGGGATTAGATACCCCACTATG
FJ848374	304258	Eukaryota	Chordata	Actinopteri	Perciformes	Cottidae	Clinocottus	Clinocottus_analis	CACCGCGGTTATACGAGAGGCCCAAGTTGACAGACACCGGCGTAAAACGTGGCTAAACTAGGCCCCATGACTAAGGCCAAACGCCCTCAAAGCTGTGATACGCAGACGAGGCTAGGAAGTCCCACCACGAAAGTGGCCTTAATCCAACTGAACCCACGAAAGCTAGGAGA	GCCGGTAAAACTCGTGCCAGC	CAAACTGGGATTAGATACCCCACTATG
AB188175	186278	Eukaryota	Chordata	Actinopteri	Perciformes	Cottidae	Cottus	Cottus_kazika	CACCGCGGTTATACGAGAGGCCCAAGTTGACAAACGCCGGCGTAAAGCGTGGTTAAGCTAAAAATTTTGCTAAAGTTAAACATCTTCAAGACTGTTATACGTAACCGAAGACAGGAAACACAACCACGAAAGTGACTTTACCTAAGCTGAATCCACGAAAGCTAAGGAA	GCCGGTAAAACTCGTGCCAGC	CAAACTGGGATTAGATACCCCACTATG
AB188176	137882	Eukaryota	Chordata	Actinopteri	Perciformes	Cottidae	Cottus	Cottus_pollux	CACCGCGGTTATACGAGAGGCCCGAGTTGACAAACACCGGCGTAAAGCGTGGTTAAGTTAAAAATCGTACTAAAGCCAAACATCTTCAAGACTGTTATACGTAACCGAAGACAGGAAGTTCAACCACGAAAGTCGCTTTATCTGATCTGAACCCACGAAAGCTAAGGAA	GCCGGTAAAACTCGTGCCAGC	CAAACTGGGATTAGATACCCCACTATG
AB188178	137882	Eukaryota	Chordata	Actinopteri	Perciformes	Cottidae	Cottus	Cottus_pollux	CACCGCGGTTATACGAGAGGCCCAAGTTGACAAACACCGGCGTAAAGCGTGGTTAAGTTAAAAATCGTACTAAAGCCAAACATCTTCAAGACTGTTATACGTAACCGAAGACAGGAAGTTCCCCCACGAAAGTTGCTTTATCTAAGCTGAATCCACGAAAGCTAAGGAA	GCCGGTAAAACTCGTGCCAGC	CAAACTGGGATTAGATACCCCACTATG
AB188180	157166	Eukaryota	Chordata	Actinopteri	Perciformes	Cottidae	Cottus	Cottus_nozawae	CACCGCGGTTATACGAGAGACCCAAGTTGACAAACACCGGCGTAAAGCGTGGTTAAGCTAAAAATCATACTAAAGCCAAACACCTTCAAGACTGTTATACGTAACCGAGGGCAGGAAGTACAACCACGAAAGTCGCTTTATCAGATCTGAACCCACGAAAGCTAAGGAA	GTCGGTAAAACTCGTGCCAGC	CAAACTGGGATTAGATACCCCACTATG
AB188181	157166	Eukaryota	Chordata	Actinopteri	Perciformes	Cottidae	Cottus	Cottus_nozawae	CACCGCGGTTATACGAGAGGCCCAAGTTGACAAACACCGGCGTAAAGCGTGGTTAAGCTAAAAATCATACTAAAGCCGAACACCTTCAAGACTGTTATACGTAACCGAAGGCAGGAAGTACAACTACGAAAGTCGCTTTACCTGATCTGAACCCACGAAAGCTAAGGAA	GCCGGTAAAACTCGTGCCAGC	CAAACTGGGATTAGATACCCCACTATG
AB188182	290627	Eukaryota	Chordata	Actinopteri	Perciformes	Cottidae	Cottus	Cottus_amblystomopsis	CACCGCGGTTATACGAGAGGCCCAAGTTGACGAACACCGGCGTAAAGCGTGGTTAAGCTAAAAAATTATACTAAAGCCAAACACCTTCAAGACTGTTATACGTAACCGAGGGCAGGAAGTACAACCACGAAAGTCGCTTTATCAGATCTGAGCCCACGAAAGCTAAGGAA	GCCGGTAAAACTCGTGCCAGC	CAAACTGGGATTAGATACCCCACTATG
AB188185	182643	Eukaryota	Chordata	Actinopteri	Perciformes	Cottidae	Cottus	Cottus_poecilopus	CACCGCGGTTATACGAGAGGCCCAAGTTGACAAACACCGGCGTAAAGCGTGGTTAAGTTAAAAATCACACTAAAGCCAAACATCTTCAAGACTGTTATACGTAACCGAAGGCAGGAAGTTCAACCACGAAAGTCGCTTTATCTGATCTGAATCCACGAAAGCTAAGGAA	GCCGGTAAAACTCGTGCCAGC	CAAACTGGGATTAGATACCCCACTATG
AB188186	182643	Eukaryota	Chordata	Actinopteri	Perciformes	Cottidae	Cottus	Cottus_poecilopus	CACCGCGGTTATACGAGAGGCCCAAGTTGACAAACACCGGCGTAAAGCGTGGTTAAGTTAAAAATCACACTAAAGCCAAACATCTTCAAGACTGTTATACGTAACCGAAGGCAGGAAGTTCAACCACGAAAGTCGCTTTACCTGATCTGAATCCACGAAAGCTAAGGAA	GCCGGTAAAACTCGTGCCAGC	CAAACTGGGATTAGATACCCCACTATG
AB188187	182643	Eukaryota	Chordata	Actinopteri	Perciformes	Cottidae	Cottus	Cottus_poecilopus	CACCGCGGTTATACGAGAGGCCCAAGTTGACAAACACCGGCGTAAAGCGTGGTTAAGTTAAAAATTGTACTAAAGCCAAACATCTTCAAGACTGTTATACGTAACCGAAGACAGGAAGTTCAACCACGAAAGTCGCTTTATCTGTTCTGAACCCACGAAAGCTAAGAAA	GCCGGTAAAACTCGTGCCAGC	CAAACTGGGATTAGATACCCCACTATG
AB188188	182643	Eukaryota	Chordata	Actinopteri	Perciformes	Cottidae	Cottus	Cottus_poecilopus	CACCGCGGTTATACGAGAGGCCCAAGTTGACAAACACCGGCGTAAAGCGTGGTTAAGTTAAAAATCACACTAAAGCCAAACATCTTCAAGACTGTTATACGTAACCGAAGACAGGAAGTCCCACCACGAAAGTCGCTTTATCTGATCTGAACCCACGAAAGCTAAGGAA	GCCGGTAAAACTCGTGCCAGC	CAAACTGGGATTAGATACCCCACTATG
AB188189	100952	Eukaryota	Chordata	Actinopteri	Perciformes	Cottidae	Cottus	Cottus_gobio	CACCGCGGTTATACGAGAGGCCCAAGTTGACAAACACCGGCGTAAAGCGTGGTTAAGTTAAAAATCATACTAAAGCCAAACATCTTCAAGACTGTTATACGTAACCGAAGACAGGAAGTTCAACCACGAAAGTCGCTTTATCTGATCTGAATCCACGAAAGCTAAGGAA	GCCGGTAAAACTCGTGCCAGC	CAAACTGGGATTAGATACCCCACTATG
AB188191	214914	Eukaryota	Chordata	Actinopteri	Perciformes	Cottidae	Cottus	Cottus_aleuticus	CACCGCGGTTATACGAGAGGCCCAAGTTGACAAACACCGGCGTAAAGCGTGGTTAAGTTAAAAATCGTACTAAAGCCAAACATCTTCAAGACTGTTATACGTAACCGAAGACAGGAAGTTCAACCACGAAAGTCGCTTTATCTGATCTGAATCCACGAAAGCTAAGGAA	GCCGGTAAAACTCGTGCCAGC	CAAACTGGGATTAGATACCCCACTATG
AB188192	8099	Eukaryota	Chordata	Actinopteri	Perciformes	Cottidae	Leocottus	Leocottus_kesslerii	CACCGCGGTTATACGAGAGGCCCAAGTTGACAAACACCGGCGTAAAGCGTGGTTAAGTTAAAAATCGTACTAAAGCCAAACATCTTCAAGACTGTTATACGTAACCGAAGGCAGGAAGTTCAACCACGAAAGTCGCTTTATCTGATCTGAATCCACGAAAGCTAAGGAA	GCCGGTAAAACTCGTGCCAGC	CAAACTGGGATTAGATACCCCACTATG
AB188194	214925	Eukaryota	Chordata	Actinopteri	Perciformes	Cottidae	Leptocottus	Leptocottus_armatus	CACCGCGGTTATACGAGAGGCCCAAGTTGACGAACACCGGCGTAAAGCGTGGTTAAGTTAATAAATCACACTAAAGCCAAACATCTTCAAGACTGTTATACGTAACCGAAGACAGGAAGTTCAACCACGAAAGTGGCTTTATCTGATCTGAACCCACGAAAGCTAAGGAA	GCCGGTAAAACTCGTGCCAGC	CAAACTGGGATTAGATACCCCACTATG
AB188195	239743	Eukaryota	Chordata	Actinopteri	Perciformes	Cottidae	Myoxocephalus	Myoxocephalus_stelleri	CACCGCGGTTATACGAGAGACCCAAGTTGACAAACACCGGCGTAAAGCGTGGTTAAGTAAAAACTTACACTAAAGCCAAACATCTTCCAGGCTGTTATACGCAACCGAAGACAGGAAGTTCAACCACGAAAGTGGCTTTATCTAGTCTGAACCCACGAAAGCTAAGGAA	GCCGGTAAAACTCGTGCCAGC	CAAACTGGGATTAGATACCCCACTATG
KX148473	1043177	Eukaryota	Chordata	Actinopteri	Perciformes	Cottidae	Gymnocanthus	Gymnocanthus_intermedius	CACCGCGGTTATACGAGAGGCCCAAGTTGACAAACACCGGCGTAAAGAGTGGTTAAGTCAAAACCCACACTAAAGCCAAACATCTTCAAGACTGTTATACGCAACCGAAGACAGGAAGTTCGACCACGAAAGTGGCTTTATCTCATCTGAACCCACGAAAGCTAAGGAA	GCCGGTAAAACTCGTGCCAGC	CAAACTGGGATTAGATACCCCACTATG
KX148474	255555	Eukaryota	Chordata	Actinopteri	Perciformes	Cottidae	Gymnocanthus	Gymnocanthus_herzensteini	CACCGCGGTTATACGAGAGGCCCAAGTTGACAAACACCGGCGTAAAGAGTGGTTAAGTTAAAACCCAAACTAAAGCCAAACATCTTCAAGACTGTTATACGCAACCGAAGACAGGAAGTTCGACCACGAAAGTGGCTTTATCTAATCTGAACCCACGAAAGCTAAGGAA	GCCGGTAAAACTCGTGCCAGC	CAAACTGGGATTAGATACCCCACTATG
KX156764	238838	Eukaryota	Chordata	Actinopteri	Perciformes	Cottidae	Hemilepidotus	Hemilepidotus_gilberti	CACCGCGGTTATACGAGAGGCCCAAGTTGATGACCACCGGCGTAAAGCGTGGTTAAGTTAAAACTCACACTAAAGTCAAACATCTTCAAGACTGTTATACGTACCCGAAGACAGGAAGTTCAACCACGAAAGTGACTTTACATGATCTGACCCCACGAAAGCTAAGGAA	GCCGGTAAAACTCGTGCCAGC	CAAACTGGGATTAGATACCCCACTATG
KX762049	1920503	Eukaryota	Chordata	Actinopteri	Perciformes	Cottidae	Cottus	Cottus_szanaga	CACCGCGGTTATACGAGAGGCCCAAGTTGACAAACACCGGCGTAAAGCGTGGTTAAGTTAATAAATCACACTAAAGCCAAACATCTTCAAGACTGTTATACGTAACCGAAGGCAGGAAGTTCAACCACGAAAGTCGCTTTATCTGATCTGAATCCACGAAAGCTAAGGAA	GCCGGTAAAACTCGTGCCAGC	CAAACTGGGATTAGATACCCCACTATG
LC672450	1633513	Eukaryota	Chordata	Actinopteri	Perciformes	Cottidae	Bero	Bero_elegans	CACCGCGGTTATACGAGAGGCCCAAGTTGACAAACACCGGCGTAAAGCGTGGTTAAGAATAAACTCACACTAAAGCCAAACACCTTCAAAGCTGTTATACGCAACCGAAGGCAGGAAGTTCAACCACGAAAGTGGCTTTATTTGACCTGAATCCACGAAAGCTAAGGAA	GCCGGTAAAACTCGTGCCAGC	CAAACTGGGATTAGATACCCCCCTATG
LC672487	980326	Eukaryota	Chordata	Actinopteri	Perciformes	Cottidae	Enophrys	Enophrys_diceraus	CACCGCGGTTATACGAGAGGCCCAAGTTGACAAACACCGGCGTAAAGCGTGGTTAAGTAAAAACTCACACTAAAGCCAAACATCTTCCCGGCTGTTATACGCAACCGAAGACAGGAGGTTCAACCACGAAGGTGGCTTTACCTAGTCTGAACCCACGAAAGCTATGGAA	GCCGGTAAAACTCGTGCCAGC	CAAACTGGGATTAGATACCCCACTATG
LC672510	239743	Eukaryota	Chordata	Actinopteri	Perciformes	Cottidae	Myoxocephalus	Myoxocephalus_stelleri	CACCGCGGTTATACGAGAGGCCCAAGTTGACAAACACCGGCGTAAAGCGTGGTTAAGTAAAAACTTACACTAAAGCCAAACATCTTCCAGGCTGTTATACGCAACCGAAGACAGGAAGTTCAACCACGAAAGTGGCTTTATCTAGTCTGAACCCACGAAAGCTAAGGAA	GCCGGTAAAACTCGTGCCAGC	CAAACTGGGATTAGATACCCCACTATG
LC672512	980339	Eukaryota	Chordata	Actinopteri	Perciformes	Cottidae	Myoxocephalus	Myoxocephalus_jaok	CACCGCGGTTATACGAGAGGCCCAAGTTGACAAACACCGGCGTAAAGCGTGGTTAAGTAAAAACTTACACTAAAGCCAAACATCTTCCAGGCTGTTATACGCAACCGAAGACAGGAAGTTCAACCACGAAAGTGGCTTTATCTAGGCTGAACCCACGAAAGCTAAGGAA	GCCGGTAAAACTCGTGCCAGC	CAAACTGGGATTAGATACCCCACTATG
LC677339	476918	Eukaryota	Chordata	Actinopteri	Perciformes	Cottidae	Myoxocephalus	Myoxocephalus_brandtii	CACCGCGGTTATACGAGAGGCCCAAGTTGACAAACACCGGCGTAAAGCGTGGTTAAGTAAAAACTTACACTAAAGCCAAACATCTTCCAGGCTGTTATACGCAACCGAAGACAGGAAGTTCAACCACGAAAGTGGCTTTATTTAGTCTGAACCCACGAAAGCTAAGGAA	GCCGGTAAAACTCGTGCCAGC	CAAACTGGGATTAGATACCCCACTATG
LC681887	137882	Eukaryota	Chordata	Actinopteri	Perciformes	Cottidae	Cottus	Cottus_pollux	CACCGCGGTTATACGAGAGGCCCGAGTTGACAAACACCGGCGTAAAGCGTGGTTAAGTTAAAAATCGTACTAAAGCCAAACATCTTCAAGACTGTTATACGTAACCGAAGACAGGAAGTTCAACCACGAAAGTCGCTTTATCTGATCTGAATCCACGAAAGCTAAGGAA	GCCGGTAAAACTCGTGCCAGC	CAAACTGGGATTAGATACCCCACTATG
EU332750	182643	Eukaryota	Chordata	Actinopteri	Perciformes	Cottidae	Cottus	Cottus_poecilopus	CACCGCGGTTATACGAGAGGCCCAAGTTGACAAACACCGGCGTAAAGCGTGGTTAAGTTAAAAATCACACTAAAGCCAAACATCTTCAAGACTGTTATACGTAACCGAAGACAGGAAGTCCAACCACGAAAGTCGCTTTATCTGATCTGAACCCACGAAAGCTAAGGAA	GCCGGTAAAACTCGTGCCAGC	CAAACTGGGATTAGATACCCCACTATG
KT004432	980331	Eukaryota	Chordata	Actinopteri	Perciformes	Cottidae	Icelus	Icelus_spatula	CACCGCGGTTATACGAGAGGCCCAAGTTGACAAACACCGGCGTAAAGAGTGGTTAAGTTAAAACGCATACTAAAGCCAAACGTCTTCAAGGCTGTTATACGCAACCGAAGACAGGAAGTTCAACCACGAAGGTGGCTTTACCTACCTGAACCCACGAAAGCTAAGGAA	GCCGGTAAAACTCGTGCCAGC	CAAACTGGGATTAGATACCCCACTATG
KF170218	1382205	Eukaryota	Chordata	Actinopteri	Perciformes	Cottidae	Mesocottus	Mesocottus_haitej	CACCGCGGTTATACGAGAGGCCCAAGTTGACAAACACCGGCGTAAAGCGTGGTTAAGTTAAAAATTACACTAAAGCCAAACATCTTCAAGACTGTTATACGTAACCGAAGACAGGAAGTTCAACCACGAAAGTGGCTTTATATACCTGAACCCACGAAAGCTAAGGAA	GCCGGTAAAACTCGTGCCAGC	CAAACTGGGATTAGATACCCCACTATG
MT527181	61628	Eukaryota	Chordata	Actinopteri	Perciformes	Cottidae	Batrachocottus	Batrachocottus_multiradiatus	CACCGCGGTTATACGAGAGGCCCAAGTTGACAAACACCGGCGTAAAGCGTGGTTAAGTTAAAAATCGTACTAAAGCCAAACATCTTCAAGACTGTTATACGTAACCGAAGACAGGAAGTTCAACCACGAAAGTCGCTTTATCTGATCTGAATCCACGAAAGCTAAGGAA	GCCGGTAAAACTCGTGCCAGC	CAAACTGGGATTAGATACCCCACTATG
MT527182	79686	Eukaryota	Chordata	Actinopteri	Perciformes	Cottidae	Batrachocottus	Batrachocottus_nikolskii	CACCGCGGTTATACGAGAGGCCCAAGTTGACAAACACCGGCGTAAAGCGTGGTTAAGTTAAAAATCGTACTAAAGCCAAACATCTTCAAGACTGTTATACGTAACCGAAGACAGGAAGTTCAACCACGAAAGTCGCTTTATCTGATCTGAATCCACGAAAGCTAAGGAA	GCCGGTAAAACTCGTGCCAGC	CAAACTGGGATTAGATACCCCACTATG
MT527183	2872160	Eukaryota	Chordata	Actinopteri	Perciformes	Cottidae	Batrachocottus	Batrachocottus_talievi	CACCGCGGTTATACGAGAGGCCCAAGTTGACAAACACCGGCGTAAAGCGTGGTTAAGTTAAAAATCGTACTAAAGCCAAACATCTTCAAGACTGTTATACGTAACCGAAGACAGGAAGTTCAACCACGAAAGTCGCTTTATCTGATCTGAATCCACGAAAGCTAAGGAA	GCCGGTAAAACTCGTGCCAGC	CAAACTGGGATTAGATACCCCACTATG
MT890585	1633511	Eukaryota	Chordata	Actinopteri	Perciformes	Cottidae	Argyrocottus	Argyrocottus_zanderi	CACCGCGGTTATACGAGAGGCCCAAGTTGACAAACACCGGCGTAAAGCGTGGTTAAGTAAAAACTCACACTAAAGCCAAACATCTTCCAGGCTGTTATACGCAACCGGAGACAGGAAGTTCAACCACGAAAGTGGCTTTACCTAGTCTGAACCCACGAAAGCTAAGGAA	GCCGGTAAAACTCGTGCCAGC	CAAACTGGGATTAGATACCCCACTATG
MT909822	274766	Eukaryota	Chordata	Actinopteri	Perciformes	Cottidae	Microcottus	Microcottus_sellaris	CACCGCGGTTATACGAGAGGCCCAAGTTGACAAACACCGGCGTAAAGCGTGGTTAAGTCAAAACTCACACTAAAGCCAAACATCTTCCAGGCTGTTATACGCAACCGAAGGCAGGAAGTTCAACCACGAAAGTGGCTTTATCAAGTCTGAACCCACGAAAGCTAAGGAA	GCCGGTAAAACTCGTGCCAGC	CAAACTGGGATTAGATACCCCACTATG
MW448544	182643	Eukaryota	Chordata	Actinopteri	Perciformes	Cottidae	Cottus	Cottus_poecilopus	CACCGCGGTTATACGAGAGGCCCAAGTTGACAAACACCGGCGTAAAGCGTGGTTAAGTTAAAAATTACACTAAAGCCAAACATCTTCAAGACTGTTATACGTAACCGAAGGCAGGAAGTTCGACCACGAAAGTTGCTTTATCTCATCTGAACCCACGAAAGCTAAGGGA	GCCGGTAAAACTCGTGCCAGC	CAAACTGGGATTAGATACCCCACTATG
MW732164	61626	Eukaryota	Chordata	Actinopteri	Perciformes	Cottidae	Paracottus	Paracottus_knerii	CACCGCGGTTATACGAGAGGCCCAAGTTGACAAACACCGGCGTAAAGCGTGGTTAAGTTAAAAATCGTACTAAAGCCAAACATCTTCAAGACTGTTATACGTAACCGAAGACAGGAAGTTCAACCACGAAAGTCGCTTTATCTGATCTGAGTCCACGAAAGCTAAGGAA	GCCGGTAAAACTCGTGCCAGC	CAAACTGGGATTAGATACCCCACTATG
MW732165	57734	Eukaryota	Chordata	Actinopteri	Perciformes	Cottidae	Cottocomephorus	Cottocomephorus_grewingki	CACCGCGGTTATACGAGAGGCCCAAGTTGACAAACACCGGCGTAAAGCGTGGTTAAGTTAAAAATCATACTAAAGCCAAACATCTTCAAGACTGTTATACGTAACCGAAGACAGGAAGTTCAACCACGAAAGTCGCTTTATCTGATCTGAATCCACGAAAGCTAAGGAA	GCCGGTAAAACTCGTGCCAGC	CAAACTGGGATTAGATACCCCACTATG
MW732166	200675	Eukaryota	Chordata	Actinopteri	Perciformes	Cottidae	Procottus	Procottus_major	CACCGCGGTTATACGAGAGGCCCAAGTTGACAAACACCGGCGTAAAGCGTGGTTAAGTTAAAAATCGTACTAAAGCCAAACATCTTCAAGACTGTTATACGTAACCGAAGACAGGAAGTTCAACCACGAAAGTCGCTTTATCTGATCTGAATCCACGAAAGCTAAGGAA	GCCGGTAAAACTCGTGCCAGC	CAAACTGGGATTAGATACCCCACTATG
MW818193	61643	Eukaryota	Chordata	Actinopteri	Perciformes	Cottidae	Taurulus	Taurulus_bubalis	CACCGCGGTTATACGAGAGGCCCAAGTTGACAAACACCGGCGTAAAGCGTGGTTAAGGAAAAACTCACACTAAAGCCAAACATCTTCCAGGCTGTTATACGCAACTGAAGATAGGAAGTTCAACCACGAAAGTGGCTTTACCAGACCTGAATCCACGAAAGCTAAGGAA	GCCGGTAAAACTCGTGCCAGC	CAAACTGGGATTAGATACCCCACTATG
MW818214	2821466	Eukaryota	Chordata	Actinopteri	Perciformes	Cottidae	Micrenophrys	Micrenophrys_lilljeborgii	CACCGCGGTTATACGAGAGGCCCAAGTTGACAAACACCGGCGTAAAGCGTGGTTAAGAAAAAACTCATACTAAAGCCAAACATCTTCCAGGCTGTTATACGCAACTGAAGGTTGGAAGTTCAACCACGAAAGTGGCTTTACCTCATCTGAGCCCACGAAAGCTAAGGAA	GCCGGTAAAACTCGTGCCAGC	CAAACTGGGATTAGATACCCCACTATG
MW818264	61643	Eukaryota	Chordata	Actinopteri	Perciformes	Cottidae	Taurulus	Taurulus_bubalis	CACCGCGGTTATACGAGAGGCCCAAGTTGACAAACACCGGCGTAAAGCGTGGTTAAGGGAAAACTCACACTAAAGCCAAACATCTTCCAGGCTGTTATACGCAACTGAAGATAGGAAGTTCAACCACGAAAGTGGCTTTACCAGACCTGAATCCACGAAAGCTAAGGAA	GCCGGTAAAACTCGTGCCAGC	CAAACTGGGATTAGATACCCCACTATG
MW894645	1302306	Eukaryota	Chordata	Actinopteri	Perciformes	Cottidae	Cottus	Cottus_koreanus	CACCGCGGTTAAACGAGAGGCCCAAGTTGACAAACACCGGCGTAAAGCGTGGTTAAGTTAAAAATCACACTAAAGCCAAACATCTTCAAGACTGTCATACGTGACCGAAGACAGGAAGTCCAACCACGAAAGTCGCTTTATCTGATCTGAACCCACGAAAGCTAAGGAA	GCCGGTAAAACTCGTGCCAGC	CAAACTGGGATTAGATACCCCACTATG
LC717966	1508112	Eukaryota	Chordata	Actinopteri	Perciformes	Cottidae	Alcichthys	Alcichthys_elongatus	CACCGCGGTTATACGAGAGGCCCAAGTTGACAAACACCGGCGTAAAGCGTGGTTAAGTTAAAACTCACACTAAAGCCAAACACCTTCAAAGCTGTTATACGCAACCGAAGGCAGGAAGTTCAACCACGAAAGTGGCTTTATTTGATCTGACCCCACGAAAGCTAAGGAA	GCCGGTAAAACTCGTGCCAGC	CAAACTGGGATTAGATACCCCCCTATG
OL825620	304281	Eukaryota	Chordata	Actinopteri	Perciformes	Cottidae	Cottus	Cottus_klamathensis	CACCGCGGTTATACGAGAGGCCCAAGTTGACAAACACCGGCGTAAAGCGTGGTTAAGTTAAAAAATCATACTAAAGCCAAACATTTTCAAGACTGTTATACGTAACCGAAAACAGGAAGTTCAACCACGAAAGTCGCTTTAATCTAATCTGAATCCACGAAAGCTAGGGAA	GCCGGTAAAACTCGTGCCAGC	CAAACTGGGATTAGATACCCCACTATG
OL825618	304285	Eukaryota	Chordata	Actinopteri	Perciformes	Cottidae	Cottus	Cottus_pitensis	CACCGCGGTTATACGAGAGGCCCAAGTTGACAAACACCGGCGTAAAGCGTGGTTAAGTTAAAAATCGTACTAAAGCCAAACATCTTCAAGACTGTTATACGTAACCGAAGACAGGAAGTTCAACCACGAAAGTCGCTTTATCTGATCTGAATCCACGAAAGCTAAGGAA	GCCGGTAAAACTCGTGCCAGC	CAAACTGGGATTAGATACCCCACTATG
OL806598	214921	Eukaryota	Chordata	Actinopteri	Perciformes	Cottidae	Cottus	Cottus_rhotheus	CACCGCGGTTATACGAGAGGCCCAAGTTGACAAACACCGGCGTAAAGCGTGGTTAAGTTAAAAATCGTACTAAAGCCAAACATCTTCAAGACTGTTATACGTAACCGAAGACAGGAAGTTCAACCACGAAAGTCGCTTTATCTGATCTGAATCCACGAAAGCTAAGGAA	GCCGGTAAAACTCGTGCCAGC	CAAACTGGGATTAGATACCCCACTATG
OL693873	304265	Eukaryota	Chordata	Actinopteri	Perciformes	Cottidae	Cottus	Cottus_beldingii	CACCGCGGTTATACGAGAGGCCCAAGTTGACAAACACCGGCGTAAAGTGTGGTTAAGTTAAAAATCGTACTAAAGCCAAACATCTTCAAGACTGTTATACGTAACCGAAGACAGGAAGTTCAACCACGAAAGTCGCTTTATCTGATCTGAATCCACGAAAGCTAAGGAA	GCCGGTAAAACTCGTGCCAGC	CAAACTGGGATTAGATACCCCACTATG
OL688787	304283	Eukaryota	Chordata	Actinopteri	Perciformes	Cottidae	Cottus	Cottus_marginatus	CACCGCGGTTATACGAGAGGCCCAAGTTGACAAACACCGGCGTAAAGCGTGGTTAAGTTAAAAATCACACTAAAGCCAAACATCTTCAAGACTGTTATACGTAACCGAAGACAAGAAGTTCAACCACGAAAGTCGCTTTATCTGATCTGAATCCACGAAAGCTAAGGAA	GCCGGTAAAACTCGTGCCAGC	CAAACTGGGATTAGATACCCCACTATG
OL688781	304271	Eukaryota	Chordata	Actinopteri	Perciformes	Cottidae	Cottus	Cottus_confusus	CACCGCGGTTATACGAGAGGCCCAAGTTGACAAACACCGGCGTAAAGCGTGGTTAAGTTAAAAATCGTACTAAAGCCAAACATCTTCAAGACTGTTATACGTAACCGAAGACAGGAAGTTCAACCACGAAAGTCGCTTTATCTTATCTGAATCCACGAAAGCTAAGGAA	GCCGGTAAAACTCGTGCCAGC	CAAACTGGGATTAGATACCCCACTATG
OL688779	304271	Eukaryota	Chordata	Actinopteri	Perciformes	Cottidae	Cottus	Cottus_confusus	CACCGCGGTTATACGAGAGGCCCAAGTTGACAAACACCGGCGTAAAGCGTGGTTAAGTTAAAAATCGTACTAAAGCCAAACATCTTCAAGACTGTTATACGTAACCGAAGACAGGAAGTTCAACCACGAAAGTCGCTTTATCTGATCTGAATCCACGAAAGCTAAGGAA	GCCGGTAAAACTCGTGCCAGC	CAAACTGGGATTAGATACCCCACTATG
OL688776	214920	Eukaryota	Chordata	Actinopteri	Perciformes	Cottidae	Cottus	Cottus_perplexus	CACCGCGGTTATACGAGAGGCCCAAGTTGACAAACACCGGCGTAAAGCGTGGTTAAGTTAAAAATCATACTAAAGCCAAACATCTTCAAGACTGTTATACGTAACCGAAGACAGGAAGTTCAACCACGAAAGTCGCTTTATCTGATCTGAATCCACGAAAGCTAAGGAA	GCCGGTAAAACTCGTGCCAGC	CAAACTGGGATTAGATACCCCACTATG
OL688775	304265	Eukaryota	Chordata	Actinopteri	Perciformes	Cottidae	Cottus	Cottus_beldingii	CACCGCGGTTATACGAGAGACCCAAGTTGACAAACACCGGCGTAAAGTGTGGTTAAGTTAAAAATCATACTAAAGCCAAACATCTTCAAGACTGTTATACGTAACCGAAGACAGGAAGTTCAACCACGAAAGTCGCTTTATCTGATCTGAATCCACGAAAGCTAAGGAA	GCCGGTAAAACTCGTGCCAGC	CAAACTGGGATTAGATACCCCACTATG
OL547391	304276	Eukaryota	Chordata	Actinopteri	Perciformes	Cottidae	Cottus	Cottus_gulosus	CACCGCGGTTATACGAGAGGCCCAAGTTGACAAACACCGGCGTAAAGCGTGGTTAAGTTAAAAATCATGCTAAAGCCAAACATCTTCAAGACTGTTATACGTAACCGAAGACAGGAAGTTCAACCACGAAAGTCGCTTTATCTGATCTGAATCCACGAAAGCTAAGGAA	GCCGGTAAAACTCGTGCCAGC	CAAACTGGGATTAGATACCCCACTATG
OL547390	304271	Eukaryota	Chordata	Actinopteri	Perciformes	Cottidae	Cottus	Cottus_confusus	CACCGCGGTTATACGAGAGGCCCAAGTTGACAAACACCGGCGTAAAGTGTGGTTAAGTTAAAAATCGTACTAAAGCCAAACATCTTCAAGACTGTTATACGTAACCGAAGACAGGAAGTTCAACCACGAAAGTCGCTTTATCTGATCTGAATCCACGAAAGCTAAGGAA	GCCGGTAAAACTCGTGCCAGC	CAAACTGGGATTAGATACCCCACTATG
OL477731	304265	Eukaryota	Chordata	Actinopteri	Perciformes	Cottidae	Cottus	Cottus_beldingii	CACCGCGGTTATACGAGAGGCCCAAGTTGACAAACACCGGCGTAAAGCGTGGTTAAGTTAAAAATCGTACTAAAGCCAAACATCTTCAAGACTGTTATACGTAACCGAAGACAGGAAGTTCAACCACGAAAGTCGCTTTATCTGATCTGAATCCACGAAAGCTAAGGAA	GCCGGTAAAACTCGTGCCAGC	CAAACTGGGATTAGATACCCCACTATG
OL457408	304266	Eukaryota	Chordata	Actinopteri	Perciformes	Cottidae	Cottus	Cottus_bendirei	CACCGCGGTTATACGAGAGGCCCAAGTTGACAAACACCGGCGTAAAGCGTGGTTAAGTTAAAAATCGTACTAAAGCCAAACATCTTCAAGACTGTTATACGTAACCGAAGACAGGAAGTTCAACCACGAAAGTCGCTTTATCTGATCTGAATCCACGAAAGCTAAGGAA	GCCGGTAAAACTCGTGCCAGC	CAAACTGGGATTAGATACCCCACTATG
OL457391	304276	Eukaryota	Chordata	Actinopteri	Perciformes	Cottidae	Cottus	Cottus_gulosus	CACCGCGGTTATACGAGAGGCCCAAGTTGACAAACACCGGCGTAAAGCGTGGTTAAGTTAAAAATCATACTAAAGCCAAACATCTTCAAGACTGTTATACGTAACCGAAGACAGGAAGTTCAACCACGAAAGTCGCTTTATCTGATCTGAATCCACGAAAGCTAAGGAA	GCCGGTAAAACTCGTGCCAGC	CAAACTGGGATTAGATACCCCACTATG
OL435154	304276	Eukaryota	Chordata	Actinopteri	Perciformes	Cottidae	Cottus	Cottus_gulosus	CACCGCGGTTATACGAGAGGCCCAAGTTGACAAACACCGGCGTAAAGCGTGGTTAAGTTAAAAATCATACTAAAGCCAAACATCTTCAAGACTGTTATACGTAACCGAAGACAAGAAGTTCAACCACGAAAGTCGCTTTATCTGATCTGAATCCACGAAAGCTAAGGAA	GCCGGTAAAACTCGTGCCAGC	CAAACTGGGATTAGATACCCCACTATG
OL404940	304276	Eukaryota	Chordata	Actinopteri	Perciformes	Cottidae	Cottus	Cottus_gulosus	CACCGCGGTTATACGAGAGGCCCAAGTTGACAAACACCGGCGTAAAGCGTGGTTAAGTTAAAAATCGTACTAAAGCCAAACATCTTCAAGACTGTTATACGTAACCGAAGACAGGAAGTTCAACCACGAAAGTCGCTTTATCTGATCTGAATCCACGAAAGCTAAGGAA	GCCGGTAAAACTCGTGCCAGC	CAAACTGGGATTAGATACCCCACTATG
OL339403	214921	Eukaryota	Chordata	Actinopteri	Perciformes	Cottidae	Cottus	Cottus_rhotheus	CACCGCGGTTATACGAGAGGCCCAAGTTGACAAACACCGGCGTAAAGCGTGGTTAAGTTAAAAATCGTACTAAAGCCAAACATCTTCAAGACTGTTATACGTAACCGAAGACAGGAAGTTCAACCACGAAAGTCGCTTTATCTAATCTGAATCCACGAAAGCTAAGGAA	GCCGGTAAAACTCGTGCCAGC	CAAACTGGGATTAGATACCCCACTATG
OK945945	304278	Eukaryota	Chordata	Actinopteri	Perciformes	Cottidae	Cottus	Cottus_klamathensis	CACCGCGGTTATACGAGAGGCCCAAGTTGACAAACACCGGCGTAAAGCGTGGTTAAGTTAAAAATCATACTAAAGCCAAACATTTTCAAGACTGTTATACGTAACCGAAAACAGGAAGTTCAACCACGAAAGTCGCTTTAATCTAATCTGAATCCACGAAAGCTAGGGAA	GCCGGTAAAACTCGTGCCAGC	CAAACTGGGATTAGATACCCCACTATG
OK637258	304287	Eukaryota	Chordata	Actinopteri	Perciformes	Cottidae	Cottus	Cottus_princeps	CACCGCGGTTATACGAGAGGCCCAAGTTGACAAACACCGGCGTAAAGCGTGGTTAAGTTAAAAATCATACTAAAGCCAAACATTTTCAAGACTGTTATACGTAACCGAAAACAGGAAGTTCAACCACGAAAGTCGCTTTAATCTAATCTGAATCCACGAAAGCTAGGGAA	GCCGGTAAAACTCGTGCCAGC	CAAACTGGGATTAGATACCCCACTATG
OK623672	1046055	Eukaryota	Chordata	Actinopteri	Perciformes	Cottidae	Cottus	Cottus_tenuis	CACCGCGGTTATACGAGAGGCCCAAGTTGACAAACACCGGCGTAAAGCGTGGTTAAGTTAAAAATCATACTAAAGCCAAACATTTTCAAGACTGTTATACGTAACCGAAAACAGGAAGTTCAACCACGAAAGTCGCTTTAATCTAATCTGAACCCACGAAAGCTAGGGAA	GCCGGTAAAACTCGTGCCAGC	CAAACTGGGATTAGATACCCCACTATG
OK623667	1046055	Eukaryota	Chordata	Actinopteri	Perciformes	Cottidae	Cottus	Cottus_tenuis	CACCGCGGTTATACGAGAGGCCCAAGTTGACAAACACCGGCGTAAAGCGTGGTTAAGTTAAAAATCATACTAAAGCCAAACATTTTCAAGACTGTTATACGTAACCGAAAACAGGAAGTTCAACCACGAAAGTCGCTTTAATCTAATCTGAACCCACGAAAGCTAAGGAA	GCCGGTAAAACTCGTGCCAGC	CAAACTGGGATTAGATACCCCACTATG
OK076989	214920	Eukaryota	Chordata	Actinopteri	Perciformes	Cottidae	Cottus	Cottus_perplexus	CACCGCGGTTATACGAGAGGCCCAAGTTGACAAACACCGGCGTAAAGCGTGGTTAAGTTAAAAATCGTACTAAAGCCAAACATCTTCAAGACTGTTATACGTAACCGAAGACAGGAAGTTCAACCACGAAAGTCGCTTTATCTGATCTGAATCCACGAAAGCTAAGGAA	GCCGGTAAAACTCGTGCCAGC	CAAACTGGGATTAGATACCCCACTATG
LC742214	137881	Eukaryota	Chordata	Actinopteri	Perciformes	Cottidae	Cottus	Cottus_reinii	CACCGCGGTTATACGAGAGGCCCAAGTTGACAAACACCGGCGTAAGGCGTGGTTAAGTTAAAAATCGTACTAAAGCCAAACATCTTCAAGACTGTTATACGTAACCGAAGACAGGAAGTTCTCCCACGAAAGTCGCTTTATCTAGTCTGAACCCACGAAAGCTAAGGAA	GCCGGTAAAACTCGTGCCAGC	CAAACTGGGATTAGATACCCCACTATG
LC754326	157166	Eukaryota	Chordata	Actinopteri	Perciformes	Cottidae	Cottus	Cottus_nozawae	CACCGCGGTTATACGAGAGGCCCAAGTTGACAAACACCGGCGTAAAGCGTGGTTAAGCTAAAAATCATACTAAAGCCAAACACCTTCAAGACTGTTATACGTAACCGAAGGCAGGAAGTACAACTACGAAAGTCGCTTTACCTGATCTGAACCCACGAAAGCTAAGGAA	GCCGGTAAAACTCGTGCCAGC	CAAACTGGGATTAGATACCCCACTATG
