"","accepted_name","verbatim_name","taxonomic_status","species","subspecies","taxon_rank","class","order","family","genus","is_marine","is_brackish","is_freshwater","taxon_id","ncbi_id","fishbase_name"
"1","Lycodapus poecilus","Lycodapus poecilus","accepted","Lycodapus poecilus",NA,"species","Actinopteri","Perciformes","Zoarcidae","Lycodapus",TRUE,FALSE,FALSE,279394,NA,"Lycodapus poecilus"
"2","Thyriscus anoplus","Thyriscus anoplus","accepted","Thyriscus anoplus",NA,"species","Actinopteri","Perciformes","Cottidae","Thyriscus",TRUE,FALSE,FALSE,282971,NA,"Thyriscus anoplus"
"3","Icelus uncinalis","Icelus uncinalis","accepted","Icelus uncinalis",NA,"species","Actinopteri","Perciformes","Cottidae","Icelus",TRUE,FALSE,FALSE,274388,NA,"Icelus uncinalis"
"4","Bolinia euryptera","Bolinia euryptera","accepted","Bolinia euryptera",NA,"species","Actinopteri","Perciformes","Cottidae","Bolinia",TRUE,FALSE,FALSE,398458,NA,"Bolinia euryptera"
"5","Careproctus ectenes","Careproctus ectenes","accepted","Careproctus ectenes",NA,"species","Actinopteri","Perciformes","Liparidae","Careproctus",TRUE,FALSE,FALSE,274424,NA,"Careproctus ectenes"
"6","Icelus euryops","Icelus euryops","accepted","Icelus euryops",NA,"species","Actinopteri","Perciformes","Cottidae","Icelus",TRUE,FALSE,FALSE,274379,NA,"Icelus euryops"
"7","Triglops metopias","Triglops metopias","accepted","Triglops metopias",NA,"species","Actinopteri","Perciformes","Cottidae","Triglops",TRUE,FALSE,FALSE,274400,NA,"Triglops metopias"
"8","Triglops xenostethus","Triglops xenostethus","accepted","Triglops xenostethus",NA,"species","Actinopteri","Perciformes","Cottidae","Triglops",TRUE,FALSE,FALSE,274401,NA,"Triglops xenostethus"
"9","Archistes biseriatus","Archistes biseriatus","accepted","Archistes biseriatus",NA,"species","Actinopteri","Perciformes","Cottidae","Archistes",TRUE,FALSE,FALSE,279679,NA,"Archistes biseriatus"
"10","Malacocottus aleuticus","Malacocottus aleuticus","accepted","Malacocottus aleuticus",NA,"species","Actinopteri","Perciformes","Psychrolutidae","Malacocottus",TRUE,FALSE,FALSE,279440,NA,"Malacocottus aleuticus"
"11","Scopelosaurus adleri","Scopelosaurus adleri","accepted","Scopelosaurus adleri",NA,"species","Actinopteri","Aulopiformes","Notosudidae","Scopelosaurus",TRUE,FALSE,FALSE,254552,NA,"Scopelosaurus adleri"
"12","Nalbantichthys elongatus","Nalbantichthys elongatus","accepted","Nalbantichthys elongatus",NA,"species","Actinopteri","Perciformes","Zoarcidae","Nalbantichthys",TRUE,FALSE,FALSE,281630,NA,"Nalbantichthys elongatus"
"13","Myoxocephalus niger","Myoxocephalus niger","accepted","Myoxocephalus niger",NA,"species","Actinopteri","Perciformes","Cottidae","Myoxocephalus",TRUE,FALSE,FALSE,274392,NA,"Myoxocephalus niger"
"14","Opaeophacus acrogeneius","Opaeophacus acrogeneius","accepted","Opaeophacus acrogeneius",NA,"species","Actinopteri","Perciformes","Zoarcidae","Opaeophacus",TRUE,FALSE,FALSE,281887,NA,"Opaeophacus acrogeneius"
"15","Lycodapus psarostomatus","Lycodapus psarostomatus","accepted","Lycodapus psarostomatus",NA,"species","Actinopteri","Perciformes","Zoarcidae","Lycodapus",TRUE,FALSE,FALSE,279395,NA,"Lycodapus psarostomatus"
"16","Lycenchelys ratmanovi","Lycenchelys ratmanovi","accepted","Lycenchelys ratmanovi",NA,"species","Actinopteri","Perciformes","Zoarcidae","Lycenchelys",TRUE,FALSE,FALSE,254594,NA,"Lycenchelys ratmanovi"
"17","Lampanyctus crypticus","Nannobrachium crypticum","unaccepted","Nannobrachium crypticum",NA,"species","Actinopteri","Myctophiformes","Myctophidae","Nannobrachium",TRUE,FALSE,FALSE,275860,NA,"Lampanyctus crypticus"
"18","Careproctus lycopersicus","Careproctus lycopersicus","accepted","Careproctus lycopersicus",NA,"species","Actinopteri","Perciformes","Liparidae","Careproctus",TRUE,FALSE,FALSE,834999,NA,"Careproctus lycopersicus"
"19","Careproctus abbreviatus","Careproctus abbreviatus","accepted","Careproctus abbreviatus",NA,"species","Actinopteri","Perciformes","Liparidae","Careproctus",TRUE,FALSE,FALSE,274402,NA,"Careproctus abbreviatus"
"20","Leuroglossus callorhini","Leuroglossus callorhini","accepted","Leuroglossus callorhini",NA,"species","Actinopteri","Argentiniformes","Bathylagidae","Leuroglossus",TRUE,FALSE,FALSE,712445,NA,"Leuroglossus callorhini"
"21","Paraliparis holomelas","Paraliparis holomelas","accepted","Paraliparis holomelas",NA,"species","Actinopteri","Perciformes","Liparidae","Paraliparis",TRUE,FALSE,FALSE,274583,NA,"Paraliparis holomelas"
"22","Careproctus spectrum","Careproctus spectrum","accepted","Careproctus spectrum",NA,"species","Actinopteri","Perciformes","Liparidae","Careproctus",TRUE,FALSE,FALSE,274477,NA,"Careproctus spectrum"
"23","Alectridium aurantiacum","Alectridium aurantiacum","accepted","Alectridium aurantiacum",NA,"species","Actinopteri","Perciformes","Stichaeidae","Alectridium",TRUE,FALSE,FALSE,254574,NA,"Alectridium aurantiacum"
"24","Gyrinichthys minytremus","Gyrinichthys minytremus","accepted","Gyrinichthys minytremus",NA,"species","Actinopteri","Perciformes","Liparidae","Gyrinichthys",TRUE,FALSE,FALSE,280969,NA,"Gyrinichthys minytremus"
"25","Liparis bristolensis","Liparis bristolensis","accepted","Liparis bristolensis",NA,"species","Actinopteri","Perciformes","Liparidae","Liparis",TRUE,FALSE,FALSE,254546,NA,"Liparis bristolensis"
"26","Dolichopteryx parini","Dolichopteryx parini","accepted","Dolichopteryx parini",NA,"species","Actinopteri","Argentiniformes","Opisthoproctidae","Dolichopteryx",TRUE,FALSE,FALSE,272937,NA,"Dolichopteryx parini"
"27","Lampanyctus crypticus","Lampanyctus crypticus","accepted","Lampanyctus crypticus",NA,"species","Actinopteri","Myctophiformes","Myctophidae","Lampanyctus",TRUE,FALSE,FALSE,1525477,NA,"Lampanyctus crypticus"
"28","Careproctus pycnosoma","Careproctus pycnosoma","accepted","Careproctus pycnosoma",NA,"species","Actinopteri","Perciformes","Liparidae","Careproctus",TRUE,FALSE,FALSE,274462,NA,"Careproctus pycnosoma"
"29","Paraliparis deani","Paraliparis deani","accepted","Paraliparis deani",NA,"species","Actinopteri","Perciformes","Liparidae","Paraliparis",TRUE,FALSE,FALSE,274570,NA,"Paraliparis deani"
"30","Myoxocephalus verrucosus","Myoxocephalus verrucosus","accepted","Myoxocephalus verrucosus",NA,"species","Actinopteri","Perciformes","Cottidae","Myoxocephalus",TRUE,FALSE,FALSE,274395,NA,"Myoxocephalus scorpius"
"31","Paraliparis bullacephalus","Paraliparis bullacephalus","accepted","Paraliparis bullacephalus",NA,"species","Actinopteri","Perciformes","Liparidae","Paraliparis",TRUE,FALSE,FALSE,474965,NA,"Paraliparis bullacephalus"
"32","Liparis micraspidophorus","Liparis micraspidophorus","accepted","Liparis micraspidophorus",NA,"species","Actinopteri","Perciformes","Liparidae","Liparis",TRUE,FALSE,FALSE,274525,NA,"Liparis micraspidophorus"
"33","Porocottus mednius","Porocottus mednius","accepted","Porocottus mednius",NA,"species","Actinopteri","Perciformes","Cottidae","Porocottus",TRUE,FALSE,FALSE,254383,NA,"Porocottus mednius"
"34","Pholis schultzi","Pholis schultzi","accepted","Pholis schultzi",NA,"species","Actinopteri","Perciformes","Pholidae","Pholis",TRUE,FALSE,FALSE,273693,NA,"Pholis schultzi"
"35","Sarda lineolata","Sarda lineolata","accepted","Sarda lineolata",NA,"species","Actinopteri","Scombriformes","Scombridae","Sarda",TRUE,FALSE,FALSE,304449,NA,"Sarda lineolata"
"36","Paricelinus hopliticus","Paricelinus hopliticus","accepted","Paricelinus hopliticus",NA,"species","Actinopteri","Perciformes","Cottidae","Paricelinus",TRUE,FALSE,FALSE,282147,NA,"Paricelinus hopliticus"
"37","Xeneretmus triacanthus","Xeneretmus triacanthus","accepted","Xeneretmus triacanthus",NA,"species","Actinopteri","Perciformes","Agonidae","Xeneretmus",TRUE,FALSE,FALSE,283174,NA,"Xeneretmus triacanthus"
"38","Lumpenopsis hypochroma","Lumpenopsis hypochroma","accepted","Lumpenopsis hypochroma",NA,"species","Actinopteri","Perciformes","Stichaeidae","Lumpenopsis",TRUE,FALSE,FALSE,281437,NA,"Lumpenopsis hypochroma"
"39","Lycodapus dermatinus","Lycodapus dermatinus","accepted","Lycodapus dermatinus",NA,"species","Actinopteri","Perciformes","Zoarcidae","Lycodapus",TRUE,FALSE,FALSE,279387,NA,"Lycodapus dermatinus"
"40","Coryphaenoides liocephalus","Coryphaenoides liocephalus","accepted","Coryphaenoides liocephalus",NA,"species","Actinopteri","Gadiformes","Macrouridae","Coryphaenoides",TRUE,FALSE,FALSE,272334,NA,"Coryphaenoides liocephalus"
"41","Lycenchelys micropora","Lycenchelys micropora","accepted","Lycenchelys micropora",NA,"species","Actinopteri","Perciformes","Zoarcidae","Lycenchelys",TRUE,FALSE,FALSE,274073,NA,"Lycenchelys micropora"
"42","Chirolophis tarsodes","Chirolophis tarsodes","accepted","Chirolophis tarsodes",NA,"species","Actinopteri","Perciformes","Stichaeidae","Chirolophis",TRUE,FALSE,FALSE,273991,NA,"Chirolophis tarsodes"
"43","Careproctus longifilis","Careproctus longifilis","accepted","Careproctus longifilis",NA,"species","Actinopteri","Perciformes","Liparidae","Careproctus",TRUE,FALSE,FALSE,274437,NA,"Careproctus longifilis"
"44","Ernogrammus walkeri","Ernogrammus walkeri","accepted","Ernogrammus walkeri",NA,"species","Actinopteri","Perciformes","Stichaeidae","Ernogrammus",TRUE,FALSE,FALSE,280706,NA,"Ernogrammus walkeri"
"45","Rathbunella alleni","Rathbunella alleni","accepted","Rathbunella alleni",NA,"species","Actinopteri","Perciformes","Bathymasteridae","Rathbunella",TRUE,FALSE,FALSE,282555,NA,"Rathbunella alleni"
"46","Plagiogrammus hopkinsii","Plagiogrammus hopkinsii","accepted","Plagiogrammus hopkinsii",NA,"species","Actinopteri","Perciformes","Stichaeidae","Plagiogrammus",TRUE,FALSE,FALSE,282265,NA,"Plagiogrammus hopkinsii"
"47","Careproctus ovigerus","Careproctus ovigerus","accepted","Careproctus ovigerus",NA,"species","Actinopteri","Perciformes","Liparidae","Careproctus",TRUE,FALSE,FALSE,274454,NA,"Careproctus ovigerus"
"48","Ulvicola sanctaerosae","Ulvicola sanctaerosae","accepted","Ulvicola sanctaerosae",NA,"species","Actinopteri","Perciformes","Pholidae","Ulvicola",TRUE,FALSE,FALSE,322270,NA,"Ulvicola sanctaerosae"
"49","Paraliparis albescens","Paraliparis albescens","accepted","Paraliparis albescens",NA,"species","Actinopteri","Perciformes","Liparidae","Paraliparis",TRUE,FALSE,FALSE,274547,NA,"Paraliparis albescens"
"50","Lycenchelys callista","Lycenchelys callista","accepted","Lycenchelys callista",NA,"species","Actinopteri","Perciformes","Zoarcidae","Lycenchelys",TRUE,FALSE,FALSE,274060,NA,"Lycenchelys callista"
"51","Esselenichthys laurae","Esselenichthys laurae","accepted","Esselenichthys laurae",NA,"species","Actinopteri","Perciformes","Stichaeidae","Esselenichthys",TRUE,FALSE,FALSE,280719,NA,"Esselenichthys laurae"
"52","Paraliparis megalopus","Paraliparis megalopus","accepted","Paraliparis megalopus",NA,"species","Actinopteri","Perciformes","Liparidae","Paraliparis",TRUE,FALSE,FALSE,274595,NA,"Paraliparis megalopus"
"53","Stemonosudis elegans","Stemonosudis elegans","accepted","Stemonosudis elegans",NA,"species","Actinopteri","Aulopiformes","Paralepididae","Stemonosudis",TRUE,FALSE,FALSE,220335,NA,"Stemonosudis elegans"
"54","Careproctus microstomus","Careproctus microstomus","accepted","Careproctus microstomus",NA,"species","Actinopteri","Perciformes","Liparidae","Careproctus",TRUE,FALSE,FALSE,274446,NA,"Careproctus microstomus"
"55","Paraliparis mento","Paraliparis mento","accepted","Paraliparis mento",NA,"species","Actinopteri","Perciformes","Liparidae","Paraliparis",TRUE,FALSE,FALSE,274597,NA,"Paraliparis mento"
"56","Lampanyctus hawaiiensis","Lampanyctus hawaiiensis","accepted","Lampanyctus hawaiiensis",NA,"species","Actinopteri","Myctophiformes","Myctophidae","Lampanyctus",TRUE,FALSE,FALSE,1525480,NA,"Lampanyctus hawaiiensis"
"57","Radulinus vinculus","Radulinus vinculus","accepted","Radulinus vinculus",NA,"species","Actinopteri","Perciformes","Cottidae","Radulinus",TRUE,FALSE,FALSE,282544,NA,"Radulinus vinculus"
"58","Pachycara karenae","Pachycara karenae","accepted","Pachycara karenae",NA,"species","Actinopteri","Perciformes","Zoarcidae","Pachycara",TRUE,FALSE,FALSE,834993,NA,"Pachycara karenae"
"59","Rimicola eigenmanni","Rimicola eigenmanni","accepted","Rimicola eigenmanni",NA,"species","Actinopteri","Gobiesociformes","Gobiesocidae","Rimicola",TRUE,FALSE,FALSE,282616,NA,"Rimicola eigenmanni"
"60","Gigantactis macronema","Gigantactis macronema","accepted","Gigantactis macronema",NA,"species","Actinopteri","Lophiiformes","Gigantactinidae","Gigantactis",TRUE,FALSE,FALSE,159156,NA,"Gigantactis macronema"
"61","Decapterus scombrinus","Decapterus scombrinus","accepted","Decapterus scombrinus",NA,"species","Actinopteri","Carangiformes","Carangidae","Decapterus",TRUE,FALSE,FALSE,273280,NA,"Decapterus muroadsi"
"62","Lampanyctus steinbecki","Lampanyctus steinbecki","accepted","Lampanyctus steinbecki",NA,"species","Actinopteri","Myctophiformes","Myctophidae","Lampanyctus",TRUE,FALSE,FALSE,272717,NA,"Lampanyctus steinbecki"
"63","Gobiesox papillifer","Gobiesox papillifer","accepted","Gobiesox papillifer",NA,"species","Actinopteri","Gobiesociformes","Gobiesocidae","Gobiesox",TRUE,FALSE,FALSE,275676,NA,"Gobiesox papillifer"
"64","Paraliparis nassarum","Paraliparis nassarum","accepted","Paraliparis nassarum",NA,"species","Actinopteri","Perciformes","Liparidae","Paraliparis",TRUE,FALSE,FALSE,274601,NA,"Paraliparis nassarum"
"65","Bassozetus levistomatus","Bassozetus levistomatus","accepted","Bassozetus levistomatus",NA,"species","Actinopteri","Ophidiiformes","Ophidiidae","Bassozetus",TRUE,FALSE,FALSE,272790,NA,"Bassozetus levistomatus"
"66","Mentodus eubranchus","Mentodus eubranchus","accepted","Mentodus eubranchus",NA,"species","Actinopteri","Alepocephaliformes","Platytroctidae","Mentodus",TRUE,FALSE,FALSE,272950,NA,"Mentodus eubranchus"
"67","Gigantactis microdontis","Gigantactis microdontis","accepted","Gigantactis microdontis",NA,"species","Actinopteri","Lophiiformes","Gigantactinidae","Gigantactis",TRUE,FALSE,FALSE,272567,NA,"Gigantactis microdontis"
"68","Diaphus pacificus","Diaphus pacificus","accepted","Diaphus pacificus",NA,"species","Actinopteri","Myctophiformes","Myctophidae","Diaphus",TRUE,FALSE,FALSE,272684,NA,"Diaphus pacificus"
"69","Lycenchelys monstrosa","Lycenchelys monstrosa","accepted","Lycenchelys monstrosa",NA,"species","Actinopteri","Perciformes","Zoarcidae","Lycenchelys",TRUE,FALSE,FALSE,274074,NA,"Lycenchelys monstrosa"
"70","Citharichthys fragilis","Citharichthys fragilis","accepted","Citharichthys fragilis",NA,"species","Actinopteri","Pleuronectiformes","Paralichthyidae","Citharichthys",TRUE,FALSE,FALSE,275687,NA,"Citharichthys fragilis"
"71","Himantolophus nigricornis","Himantolophus nigricornis","accepted","Himantolophus nigricornis",NA,"species","Actinopteri","Lophiiformes","Himantolophidae","Himantolophus",TRUE,FALSE,FALSE,272583,NA,"Himantolophus nigricornis"
"72","Liparis adiastolus","Liparis adiastolus","accepted","Liparis adiastolus",NA,"species","Actinopteri","Perciformes","Liparidae","Liparis",TRUE,FALSE,FALSE,274498,NA,"Liparis adiastolus"
"73","Cetichthys parini","Cetichthys parini","accepted","Cetichthys parini",NA,"species","Actinopteri","Beryciformes","Cetomimidae","Cetichthys",TRUE,FALSE,FALSE,277899,NA,"Cetichthys parini"
"74","Osteodiscus cascadiae","Osteodiscus cascadiae","accepted","Osteodiscus cascadiae",NA,"species","Actinopteri","Perciformes","Liparidae","Osteodiscus",TRUE,FALSE,FALSE,281946,NA,"Osteodiscus cascadiae"
"75","Careproctus oregonensis","Careproctus oregonensis","accepted","Careproctus oregonensis",NA,"species","Actinopteri","Perciformes","Liparidae","Careproctus",TRUE,FALSE,FALSE,274452,NA,"Careproctus oregonensis"
"76","Taranetzella lyoderma","Taranetzella lyoderma","accepted","Taranetzella lyoderma",NA,"species","Actinopteri","Perciformes","Zoarcidae","Taranetzella",TRUE,FALSE,FALSE,282925,NA,"Taranetzella lyoderma"
"77","Careproctus filamentosus","Careproctus filamentosus","accepted","Careproctus filamentosus",NA,"species","Actinopteri","Perciformes","Liparidae","Careproctus",TRUE,FALSE,FALSE,274428,NA,"Careproctus filamentosus"
"78","Paraliparis latifrons","Paraliparis latifrons","accepted","Paraliparis latifrons",NA,"species","Actinopteri","Perciformes","Liparidae","Paraliparis",TRUE,FALSE,FALSE,274591,NA,"Paraliparis latifrons"
"79","Lycenchelys pearcyi","Lycenchelys pearcyi","accepted","Lycenchelys pearcyi",NA,"species","Actinopteri","Perciformes","Zoarcidae","Lycenchelys",TRUE,FALSE,FALSE,274076,NA,"Lycenchelys pearcyi"
"80","Pachycara bulbiceps","Pachycara bulbiceps","accepted","Pachycara bulbiceps",NA,"species","Actinopteri","Perciformes","Zoarcidae","Pachycara",TRUE,FALSE,FALSE,127121,NA,"Pachycara bulbiceps"
"81","Gigantactis gargantua","Gigantactis gargantua","accepted","Gigantactis gargantua",NA,"species","Actinopteri","Lophiiformes","Gigantactinidae","Gigantactis",TRUE,FALSE,FALSE,272560,NA,"Gigantactis gargantua"
"82","Pallasina aix","Pallasina aix","accepted","Pallasina aix",NA,"species","Actinopteri","Perciformes","Agonidae","Pallasina",TRUE,FALSE,FALSE,313558,NA,"Pallasina barbata"
"83","Plectroglyphidodon sindonis","Plectroglyphidodon sindonis","accepted","Plectroglyphidodon sindonis",NA,"species","Actinopteri","Ovalentaria incertae sedis","Pomacentridae","Plectroglyphidodon",TRUE,FALSE,FALSE,277234,NA,"Plectroglyphidodon sindonis"
"84","Bathylagoides nigrigenys","Bathylagoides nigrigenys","accepted","Bathylagoides nigrigenys",NA,"species","Actinopteri","Argentiniformes","Bathylagidae","Bathylagoides",TRUE,FALSE,FALSE,712443,NA,"Bathylagoides nigrigenys"
"85","Cheilopogon californicus","Cheilopogon californicus","accepted","Cheilopogon californicus",NA,"species","Actinopteri","Beloniformes","Exocoetidae","Cheilopogon",TRUE,FALSE,FALSE,300136,NA,"Cheilopogon californicus"
"86","Paraclinus walkeri","Paraclinus walkeri","accepted","Paraclinus walkeri",NA,"species","Actinopteri","Blenniiformes","Labrisomidae","Paraclinus",TRUE,FALSE,FALSE,282037,NA,"Paraclinus walkeri"
"87","Gobiesox eugrammus","Gobiesox eugrammus","accepted","Gobiesox eugrammus",NA,"species","Actinopteri","Gobiesociformes","Gobiesocidae","Gobiesox",TRUE,FALSE,FALSE,275669,NA,"Gobiesox eugrammus"
"88","Bairdiella icistia","Bairdiella icistia","accepted","Bairdiella icistia",NA,"species","Actinopteri","Eupercaria incertae sedis","Sciaenidae","Bairdiella",TRUE,TRUE,FALSE,276071,NA,"Bairdiella icistia"
"89","Rimicola dimorpha","Rimicola dimorpha","accepted","Rimicola dimorpha",NA,"species","Actinopteri","Gobiesociformes","Gobiesocidae","Rimicola",TRUE,FALSE,FALSE,282615,NA,"Rimicola dimorpha"
"90","Rimicola sila","Rimicola sila","accepted","Rimicola sila",NA,"species","Actinopteri","Gobiesociformes","Gobiesocidae","Rimicola",TRUE,FALSE,FALSE,282618,NA,"Rimicola sila"
"91","Grammonus diagrammus","Grammonus diagrammus","accepted","Grammonus diagrammus",NA,"species","Actinopteri","Ophidiiformes","Bythitidae","Grammonus",TRUE,FALSE,FALSE,272770,NA,"Grammonus diagrammus"
"92","Cryptotrema corallinum","Cryptotrema corallinum","accepted","Cryptotrema corallinum",NA,"species","Actinopteri","Blenniiformes","Labrisomidae","Cryptotrema",TRUE,FALSE,FALSE,280447,NA,"Cryptotrema corallinum"
"93","Hyporhamphus rosae","Hyporhamphus rosae","accepted","Hyporhamphus rosae",NA,"species","Actinopteri","Beloniformes","Hemiramphidae","Hyporhamphus",TRUE,TRUE,TRUE,272195,NA,"Hyporhamphus rosae"
"94","Eptatretus fritzi","Eptatretus fritzi","accepted","Eptatretus fritzi",NA,"species","Myxini","Myxiniformes","Myxinidae","Eptatretus",TRUE,FALSE,FALSE,279280,NA,"Eptatretus fritzi"
"95","Myxine hubbsi","Myxine hubbsi","accepted","Myxine hubbsi",NA,"species","Myxini","Myxiniformes","Myxinidae","Myxine",TRUE,FALSE,FALSE,271304,NA,"Myxine hubbsi"
"96","Starksia guadalupae","Starksia guadalupae","accepted","Starksia guadalupae",NA,"species","Actinopteri","Blenniiformes","Labrisomidae","Starksia",TRUE,FALSE,FALSE,276370,NA,"Starksia guadalupae"
"97","Cheilopogon hubbsi","Cheilopogon hubbsi","accepted","Cheilopogon hubbsi",NA,"species","Actinopteri","Beloniformes","Exocoetidae","Cheilopogon",TRUE,FALSE,FALSE,272154,NA,"Cheilopogon hubbsi"
"98","Eptatretus mcconnaugheyi","Eptatretus mcconnaugheyi","accepted","Eptatretus mcconnaugheyi",NA,"species","Myxini","Myxiniformes","Myxinidae","Eptatretus",TRUE,FALSE,FALSE,279287,NA,"Eptatretus mcconnaugheyi"
"99","Anchoa exigua","Anchoa exigua","accepted","Anchoa exigua",NA,"species","Actinopteri","Clupeiformes","Engraulidae","Anchoa",TRUE,FALSE,FALSE,275517,NA,"Anchoa exigua"
"100","Labrisomus wigginsi","Labrisomus wigginsi","accepted","Labrisomus wigginsi",NA,"species","Actinopteri","Blenniiformes","Labrisomidae","Labrisomus",TRUE,FALSE,FALSE,281265,NA,"Labrisomus wigginsi"
"101","Rimicola cabrilloi","Rimicola cabrilloi","accepted","Rimicola cabrilloi",NA,"species","Actinopteri","Gobiesociformes","Gobiesocidae","Rimicola",TRUE,FALSE,FALSE,282614,NA,"Rimicola cabrilloi"
"102","Lampanyctus bristori","Lampanyctus bristori","accepted","Lampanyctus bristori",NA,"species","Actinopteri","Myctophiformes","Myctophidae","Lampanyctus",TRUE,FALSE,FALSE,1525474,NA,"Lampanyctus bristori"
"103","Synodus scituliceps","Synodus scituliceps","accepted","Synodus scituliceps",NA,"species","Actinopteri","Aulopiformes","Synodontidae","Synodus",TRUE,FALSE,FALSE,272139,NA,"Synodus scituliceps"
"104","Trachipterus fukuzakii","Trachipterus fukuzakii","accepted","Trachipterus fukuzakii",NA,"species","Actinopteri","Lampriformes","Trachipteridae","Trachipterus",TRUE,FALSE,FALSE,272532,NA,"Trachipterus fukuzakii"
"105","Melanostomias valdiviae","Melanostomias valdiviae","accepted","Melanostomias valdiviae",NA,"species","Actinopteri","Stomiiformes","Stomiidae","Melanostomias",TRUE,FALSE,FALSE,127365,NA,"Melanostomias valdiviae"
"106","Syngnathus insulae","Syngnathus insulae","accepted","Syngnathus insulae",NA,"species","Actinopteri","Syngnathiformes","Syngnathidae","Syngnathus",TRUE,FALSE,FALSE,275225,NA,"Syngnathus insulae"
"107","Pareques viola","Pareques viola","accepted","Pareques viola",NA,"species","Actinopteri","Eupercaria incertae sedis","Sciaenidae","Pareques",TRUE,FALSE,FALSE,282144,NA,"Pareques viola"
"108","Dactyloscopus heraldi","Dactyloscopus heraldi","accepted","Dactyloscopus heraldi",NA,"species","Actinopteri","Blenniiformes","Dactyloscopidae","Dactyloscopus",TRUE,FALSE,FALSE,712827,NA,"Dactyloscopus heraldi"
"109","Gymnothorax dovii","Gymnothorax dovii","accepted","Gymnothorax dovii",NA,"species","Actinopteri","Anguilliformes","Muraenidae","Gymnothorax",TRUE,FALSE,FALSE,271831,NA,"Gymnothorax dovii"
"110","Trachinotus kennedyi","Trachinotus kennedyi","accepted","Trachinotus kennedyi",NA,"species","Actinopteri","Carangiformes","Carangidae","Trachinotus",TRUE,TRUE,FALSE,273292,NA,"Trachinotus kennedyi"
"111","Etropus peruvianus","Etropus peruvianus","accepted","Etropus peruvianus",NA,"species","Actinopteri","Pleuronectiformes","Paralichthyidae","Etropus",TRUE,FALSE,FALSE,275709,NA,"Etropus peruvianus"
"112","Paraclinus beebei","Paraclinus beebei","accepted","Paraclinus beebei",NA,"species","Actinopteri","Blenniiformes","Labrisomidae","Paraclinus",TRUE,FALSE,FALSE,282018,NA,"Paraclinus beebei"
"113","Pliosteostoma lutipinnis","Pliosteostoma lutipinnis","accepted","Pliosteostoma lutipinnis",NA,"species","Actinopteri","Clupeiformes","Clupeidae","Pliosteostoma",TRUE,FALSE,FALSE,282303,NA,"Pliosteostoma lutipinnis"
"114","Pontinus vaughani","Pontinus vaughani","accepted","Pontinus vaughani",NA,"species","Actinopteri","Perciformes","Scorpaenidae","Pontinus",TRUE,FALSE,FALSE,274695,NA,"Pontinus vaughani"
"115","Scopelarchoides signifer","Scopelarchoides signifer","accepted","Scopelarchoides signifer",NA,"species","Actinopteri","Aulopiformes","Scopelarchidae","Scopelarchoides",TRUE,FALSE,FALSE,217723,NA,"Scopelarchoides signifer"
"116","Gymnothorax panamensis","Gymnothorax panamensis","accepted","Gymnothorax panamensis",NA,"species","Actinopteri","Anguilliformes","Muraenidae","Gymnothorax",TRUE,FALSE,FALSE,271866,NA,"Gymnothorax panamensis"
"117","Cataetyx simus","Cataetyx simus","accepted","Cataetyx simus",NA,"species","Actinopteri","Ophidiiformes","Bythitidae","Cataetyx",TRUE,FALSE,FALSE,272768,NA,"Cataetyx simus"
"118","Symphurus atramentatus","Symphurus atramentatus","accepted","Symphurus atramentatus",NA,"species","Actinopteri","Pleuronectiformes","Cynoglossidae","Symphurus",TRUE,FALSE,FALSE,274233,NA,"Symphurus atramentatus"
"119","Melamphaes janae","Melamphaes janae","accepted","Melamphaes janae",NA,"species","Actinopteri","Beryciformes","Melamphaidae","Melamphaes",TRUE,FALSE,FALSE,274929,NA,"Melamphaes janae"
"120","Anchoa argentivittata","Anchoa argentivittata","accepted","Anchoa argentivittata",NA,"species","Actinopteri","Clupeiformes","Engraulidae","Anchoa",TRUE,FALSE,FALSE,275507,NA,"Anchoa argentivittata"
"121","Anchoa curta","Anchoa curta","accepted","Anchoa curta",NA,"species","Actinopteri","Clupeiformes","Engraulidae","Anchoa",TRUE,TRUE,TRUE,275514,NA,"Anchoa curta"
"122","Diplectrum labarum","Diplectrum labarum","accepted","Diplectrum labarum",NA,"species","Actinopteri","Perciformes","Serranidae","Diplectrum",TRUE,FALSE,FALSE,276180,NA,"Diplectrum labarum"
"123","Lumpenopsis clitella","Lumpenopsis clitella","accepted","Lumpenopsis clitella",NA,"species","Actinopteri","Perciformes","Stichaeidae","Lumpenopsis",TRUE,FALSE,FALSE,281436,NA,"Lumpenopsis clitella"
"124","Parvilux boschmai","Parvilux boschmai","accepted","Parvilux boschmai",NA,"species","Actinopteri","Myctophiformes","Myctophidae","Parvilux",TRUE,FALSE,FALSE,282177,NA,"Parvilux boschmai"
"125","Dolichopteryx pseudolongipes","Dolichopteryx pseudolongipes","accepted","Dolichopteryx pseudolongipes",NA,"species","Actinopteri","Argentiniformes","Opisthoproctidae","Dolichopteryx",TRUE,FALSE,FALSE,398362,NA,"Dolichopteryx pseudolongipes"
"126","Mesovagus berryi","Mesovagus berryi","accepted","Mesovagus berryi",NA,"species","Actinopteri","Gadiformes","Macrouridae","Mesovagus",TRUE,FALSE,FALSE,1524320,NA,"Mesovagus berryi"
"127","Asquamiceps velaris","Asquamiceps velaris","accepted","Asquamiceps velaris",NA,"species","Actinopteri","Alepocephaliformes","Alepocephalidae","Asquamiceps",TRUE,FALSE,FALSE,126685,NA,"Asquamiceps velaris"
"128","Oneirodes basili","Oneirodes basili","accepted","Oneirodes basili",NA,"species","Actinopteri","Lophiiformes","Oneirodidae","Oneirodes",TRUE,FALSE,FALSE,272623,NA,"Oneirodes basili"
"129","Scytalichthys miurus","Scytalichthys miurus","accepted","Scytalichthys miurus",NA,"species","Actinopteri","Anguilliformes","Ophichthidae","Scytalichthys",TRUE,FALSE,FALSE,282734,NA,"Scytalichthys miurus"
"130","Pseudobatos buthi","Pseudobatos buthi","accepted","Pseudobatos buthi",NA,"species","Elasmobranchii","Rhinopristiformes","Rhinobatidae","Pseudobatos",TRUE,FALSE,FALSE,1374498,NA,"Pseudobatos buthi"
"131","Linophryne racemifera","Linophryne racemifera","accepted","Linophryne racemifera",NA,"species","Actinopteri","Lophiiformes","Linophrynidae","Linophryne",TRUE,FALSE,FALSE,272598,NA,"Linophryne racemifera"
"132","Protomyctophum beckeri","Protomyctophum beckeri","accepted","Protomyctophum beckeri",NA,"species","Actinopteri","Myctophiformes","Myctophidae","Protomyctophum",TRUE,FALSE,FALSE,272729,NA,"Protomyctophum beckeri"
"133","Melamphaes indicus","Melamphaes indicus","accepted","Melamphaes indicus",NA,"species","Actinopteri","Beryciformes","Melamphaidae","Melamphaes",TRUE,FALSE,FALSE,274928,NA,"Melamphaes indicus"
"134","Rhynchoconger nitens","Rhynchoconger nitens","accepted","Rhynchoconger nitens",NA,"species","Actinopteri","Anguilliformes","Congridae","Rhynchoconger",TRUE,FALSE,FALSE,275426,NA,"Rhynchoconger nitens"
"135","Acantholiparis caecus","Acantholiparis caecus","accepted","Acantholiparis caecus",NA,"species","Actinopteri","Perciformes","Liparidae","Acantholiparis",TRUE,FALSE,FALSE,279479,NA,"Acantholiparis caecus"
"136","Atherinella eriarcha","Atherinella eriarcha","accepted","Atherinella eriarcha",NA,"species","Actinopteri","Atheriniformes","Atherinopsidae","Atherinella",TRUE,FALSE,FALSE,279800,NA,"Atherinella eriarcha"
"137","Chiloconger dentatus","Chiloconger dentatus","accepted","Chiloconger dentatus",NA,"species","Actinopteri","Anguilliformes","Congridae","Chiloconger",TRUE,FALSE,FALSE,280147,NA,"Chiloconger dentatus"
"138","Ethadophis merenda","Ethadophis merenda","accepted","Ethadophis merenda",NA,"species","Actinopteri","Anguilliformes","Ophichthidae","Ethadophis",TRUE,FALSE,FALSE,280724,NA,"Ethadophis merenda"
"139","Syacium ovale","Syacium ovale","accepted","Syacium ovale",NA,"species","Actinopteri","Pleuronectiformes","Paralichthyidae","Syacium",TRUE,FALSE,FALSE,275843,NA,"Syacium ovale"
"140","Achirus mazatlanus","Achirus mazatlanus","accepted","Achirus mazatlanus",NA,"species","Actinopteri","Pleuronectiformes","Achiridae","Achirus",TRUE,TRUE,TRUE,279494,NA,"Achirus mazatlanus"
"141","Synodus sechurae","Synodus sechurae","accepted","Synodus sechurae",NA,"species","Actinopteri","Aulopiformes","Synodontidae","Synodus",TRUE,FALSE,FALSE,272140,NA,"Synodus sechurae"
"142","Hyporhamphus gilli","Hyporhamphus gilli","accepted","Hyporhamphus gilli",NA,"species","Actinopteri","Beloniformes","Hemiramphidae","Hyporhamphus",TRUE,FALSE,FALSE,272181,NA,"Hyporhamphus gilli"
"143","Paraclinus magdalenae","Paraclinus magdalenae","accepted","Paraclinus magdalenae",NA,"species","Actinopteri","Blenniiformes","Labrisomidae","Paraclinus",TRUE,FALSE,FALSE,282026,NA,"Paraclinus magdalenae"
"144","Atherinella nepenthe","Atherinella nepenthe","accepted","Atherinella nepenthe",NA,"species","Actinopteri","Atheriniformes","Atherinopsidae","Atherinella",TRUE,FALSE,FALSE,279803,NA,"Atherinella nepenthe"
"145","Melamphaes macrocephalus","Melamphaes macrocephalus","accepted","Melamphaes macrocephalus",NA,"species","Actinopteri","Beryciformes","Melamphaidae","Melamphaes",TRUE,FALSE,FALSE,274933,NA,"Melamphaes macrocephalus"
"146","Syacium latifrons","Syacium latifrons","accepted","Syacium latifrons",NA,"species","Actinopteri","Pleuronectiformes","Paralichthyidae","Syacium",TRUE,FALSE,FALSE,275840,NA,"Syacium latifrons"
"147","Stathmonotus sinuscalifornici","Stathmonotus sinuscalifornici","accepted","Stathmonotus sinuscalifornici",NA,"species","Actinopteri","Blenniiformes","Chaenopsidae","Stathmonotus",TRUE,FALSE,FALSE,282873,NA,"Stathmonotus sinuscalifornici"
"148","Bathophilus filifer","Bathophilus filifer","accepted","Bathophilus filifer",NA,"species","Actinopteri","Stomiiformes","Stomiidae","Bathophilus",TRUE,FALSE,FALSE,275045,NA,"Bathophilus filifer"
"149","Diplectrum sciurus","Diplectrum sciurus","accepted","Diplectrum sciurus",NA,"species","Actinopteri","Perciformes","Serranidae","Diplectrum",TRUE,FALSE,FALSE,276186,NA,"Diplectrum sciurus"
"150","Genioliparis ferox","Genioliparis ferox","accepted","Genioliparis ferox",NA,"species","Actinopteri","Perciformes","Liparidae","Genioliparis",TRUE,FALSE,FALSE,398466,NA,"Genioliparis ferox"
"151","Bothus constellatus","Bothus constellatus","accepted","Bothus constellatus",NA,"species","Actinopteri","Pleuronectiformes","Bothidae","Bothus",TRUE,FALSE,FALSE,274183,NA,"Bothus constellatus"
"152","Microgobius cyclolepis","Microgobius cyclolepis","accepted","Microgobius cyclolepis",NA,"species","Actinopteri","Gobiiformes","Gobiidae","Microgobius",TRUE,FALSE,FALSE,275713,NA,"Microgobius cyclolepis"
"153","Echidna nocturna","Echidna nocturna","accepted","Echidna nocturna",NA,"species","Actinopteri","Anguilliformes","Muraenidae","Echidna",TRUE,FALSE,FALSE,278678,NA,"Echidna nocturna"
"154","Ogilbia ventralis","Ogilbia ventralis","accepted","Ogilbia ventralis",NA,"species","Actinopteri","Ophidiiformes","Bythitidae","Ogilbia",TRUE,FALSE,FALSE,281859,NA,"Ogilbia ventralis"
"155","Scopelogadus mizolepis mizolepis","Scopelogadus mizolepis mizolepis","accepted","Scopelogadus mizolepis","Scopelogadus mizolepis mizolepis","subspecies","Actinopteri","Beryciformes","Melamphaidae","Scopelogadus",TRUE,FALSE,FALSE,293738,NA,"Scopelogadus mizolepis"
"156","Monognathus ahlstromi","Monognathus ahlstromi","accepted","Monognathus ahlstromi",NA,"species","Actinopteri","Saccopharyngiformes","Monognathidae","Monognathus",TRUE,FALSE,FALSE,274325,NA,"Monognathus ahlstromi"
"157","Lepophidium stigmatistium","Lepophidium stigmatistium","accepted","Lepophidium stigmatistium",NA,"species","Actinopteri","Ophidiiformes","Ophidiidae","Lepophidium",TRUE,FALSE,FALSE,275628,NA,"Lepophidium stigmatistium"
"158","Opistognathus rhomaleus","Opistognathus rhomaleus","accepted","Opistognathus rhomaleus",NA,"species","Actinopteri","Ovalentaria incertae sedis","Opistognathidae","Opistognathus",TRUE,FALSE,FALSE,276473,NA,"Opistognathus rhomaleus"
"159","Sargocentron suborbitale","Sargocentron suborbitale","accepted","Sargocentron suborbitale",NA,"species","Actinopteri","Holocentriformes","Holocentridae","Sargocentron",TRUE,FALSE,FALSE,1021098,NA,"Sargocentron suborbitale"
"160","Echinomacrurus occidentalis","Echinomacrurus occidentalis","accepted","Echinomacrurus occidentalis",NA,"species","Actinopteri","Gadiformes","Macrouridae","Echinomacrurus",TRUE,FALSE,FALSE,272359,NA,"Echinomacrurus occidentalis"
"161","Dibranchus spongiosa","Dibranchus spongiosa","accepted","Dibranchus spongiosa",NA,"species","Actinopteri","Lophiiformes","Ogcocephalidae","Dibranchus",TRUE,FALSE,FALSE,272614,NA,"Dibranchus spongiosa"
"162","Bassozetus nasus","Bassozetus nasus","accepted","Bassozetus nasus",NA,"species","Actinopteri","Ophidiiformes","Ophidiidae","Bassozetus",TRUE,FALSE,FALSE,272792,NA,"Bassozetus nasus"
"163","Ophidion galeoides","Ophidion galeoides","accepted","Ophidion galeoides",NA,"species","Actinopteri","Ophidiiformes","Ophidiidae","Ophidion",TRUE,FALSE,FALSE,272821,NA,"Ophidion galeoides"
"164","Elattarchus archidium","Elattarchus archidium","accepted","Elattarchus archidium",NA,"species","Actinopteri","Eupercaria incertae sedis","Sciaenidae","Elattarchus",TRUE,FALSE,FALSE,280633,NA,"Elattarchus archidium"
"165","Heteristius cinctus","Heteristius cinctus","accepted","Heteristius cinctus",NA,"species","Actinopteri","Blenniiformes","Dactyloscopidae","Heteristius",TRUE,FALSE,FALSE,281053,NA,"Heteristius cinctus"
"166","Ogilbia nigromarginata","Ogilbia nigromarginata","accepted","Ogilbia nigromarginata",NA,"species","Actinopteri","Ophidiiformes","Bythitidae","Ogilbia",TRUE,FALSE,FALSE,281852,NA,"Ogilbia nigromarginata"
"167","Tomicodon eos","Tomicodon eos","accepted","Tomicodon eos",NA,"species","Actinopteri","Gobiesociformes","Gobiesocidae","Tomicodon",TRUE,FALSE,FALSE,282992,NA,"Tomicodon eos"
"168","Symphurus callopterus","Symphurus callopterus","accepted","Symphurus callopterus",NA,"species","Actinopteri","Pleuronectiformes","Cynoglossidae","Symphurus",TRUE,FALSE,FALSE,274237,NA,"Symphurus callopterus"
"169","Dactyloscopus elongatus","Dactyloscopus elongatus","accepted","Dactyloscopus elongatus",NA,"species","Actinopteri","Blenniiformes","Dactyloscopidae","Dactyloscopus",TRUE,FALSE,FALSE,712825,NA,"Dactyloscopus elongatus"
"170","Diplectrum eumelum","Diplectrum eumelum","accepted","Diplectrum eumelum",NA,"species","Actinopteri","Perciformes","Serranidae","Diplectrum",TRUE,FALSE,FALSE,276178,NA,"Diplectrum eumelum"
"171","Gorgasia punctata","Gorgasia punctata","accepted","Gorgasia punctata",NA,"species","Actinopteri","Anguilliformes","Congridae","Gorgasia",TRUE,FALSE,FALSE,277882,NA,"Gorgasia punctata"
"172","Pleuronichthys ocellatus","Pleuronichthys ocellatus","accepted","Pleuronichthys ocellatus",NA,"species","Actinopteri","Pleuronectiformes","Pleuronectidae","Pleuronichthys",TRUE,FALSE,FALSE,282293,NA,"Pleuronichthys ocellatus"
"173","Abyssobrotula galatheae","Abyssobrotula galatheae","accepted","Abyssobrotula galatheae",NA,"species","Actinopteri","Ophidiiformes","Ophidiidae","Abyssobrotula",TRUE,FALSE,FALSE,236126,NA,"Abyssobrotula galatheae"
"174","Serranus huascarii","Serranus huascarii","accepted","Serranus huascarii",NA,"species","Actinopteri","Perciformes","Serranidae","Serranus",TRUE,FALSE,FALSE,273898,NA,"Serranus huascarii"
"175","Symphurus williamsi","Symphurus williamsi","accepted","Symphurus williamsi",NA,"species","Actinopteri","Pleuronectiformes","Cynoglossidae","Symphurus",TRUE,FALSE,FALSE,274284,NA,"Symphurus williamsi"
"176","Prionotus horrens","Prionotus horrens","accepted","Prionotus horrens",NA,"species","Actinopteri","Perciformes","Triglidae","Prionotus",TRUE,FALSE,FALSE,276281,NA,"Prionotus horrens"
"177","Dactyloscopus fimbriatus","Dactyloscopus fimbriatus","accepted","Dactyloscopus fimbriatus",NA,"species","Actinopteri","Blenniiformes","Dactyloscopidae","Dactyloscopus",TRUE,FALSE,FALSE,276398,NA,"Dactyloscopus fimbriatus"
"178","Dactylagnus mundus","Dactylagnus mundus","accepted","Dactylagnus mundus",NA,"species","Actinopteri","Blenniiformes","Dactyloscopidae","Dactylagnus",TRUE,FALSE,FALSE,280470,NA,"Dactylagnus mundus"
"179","Myrichthys tigrinus","Myrichthys tigrinus","accepted","Myrichthys tigrinus",NA,"species","Actinopteri","Anguilliformes","Ophichthidae","Myrichthys",TRUE,FALSE,FALSE,275489,NA,"Myrichthys tigrinus"
"180","Stegastes redemptus","Stegastes redemptus","accepted","Stegastes redemptus",NA,"species","Actinopteri","Ovalentaria incertae sedis","Pomacentridae","Stegastes",TRUE,FALSE,FALSE,276681,NA,"Stegastes redemptus"
"181","Brockius striatus","Brockius striatus","accepted","Brockius striatus",NA,"species","Actinopteri","Blenniiformes","Labrisomidae","Brockius",TRUE,FALSE,FALSE,1014112,NA,"Brockius striatus"
"182","Dactyloscopus lunaticus","Dactyloscopus lunaticus","accepted","Dactyloscopus lunaticus",NA,"species","Actinopteri","Blenniiformes","Dactyloscopidae","Dactyloscopus",TRUE,FALSE,FALSE,276401,NA,"Dactyloscopus lunaticus"
"183","Echiodon exsilium","Echiodon exsilium","accepted","Echiodon exsilium",NA,"species","Actinopteri","Ophidiiformes","Carapidae","Echiodon",TRUE,FALSE,FALSE,272782,NA,"Echiodon exsilium"
"184","Heteroconger digueti","Heteroconger digueti","accepted","Heteroconger digueti",NA,"species","Actinopteri","Anguilliformes","Congridae","Heteroconger",TRUE,FALSE,FALSE,271778,NA,"Heteroconger digueti"
"185","Paraclinus tanygnathus","Paraclinus tanygnathus","accepted","Paraclinus tanygnathus",NA,"species","Actinopteri","Blenniiformes","Labrisomidae","Paraclinus",TRUE,FALSE,FALSE,282036,NA,"Paraclinus tanygnathus"
"186","Ichthyapus selachops","Ichthyapus selachops","accepted","Ichthyapus selachops",NA,"species","Actinopteri","Anguilliformes","Ophichthidae","Ichthyapus",TRUE,FALSE,FALSE,279113,NA,"Ichthyapus selachops"
"187","Barbulifer pantherinus","Barbulifer pantherinus","accepted","Barbulifer pantherinus",NA,"species","Actinopteri","Gobiiformes","Gobiidae","Barbulifer",TRUE,FALSE,FALSE,279864,NA,"Barbulifer pantherinus"
"188","Myripristis clarionensis","Myripristis clarionensis","accepted","Myripristis clarionensis",NA,"species","Actinopteri","Holocentriformes","Holocentridae","Myripristis",TRUE,FALSE,FALSE,276193,NA,"Myripristis clarionensis"
"189","Anarchias galapagensis","Anarchias galapagensis","accepted","Anarchias galapagensis",NA,"species","Actinopteri","Anguilliformes","Muraenidae","Anarchias",TRUE,FALSE,FALSE,271800,NA,"Anarchias galapagensis"
"190","Pseudobatos leucorhynchus","Pseudobatos leucorhynchus","accepted","Pseudobatos leucorhynchus",NA,"species","Elasmobranchii","Rhinopristiformes","Rhinobatidae","Pseudobatos",TRUE,FALSE,FALSE,1043484,NA,"Pseudobatos leucorhynchus"
"191","Priacanthus alalaua","Priacanthus alalaua","accepted","Priacanthus alalaua",NA,"species","Actinopteri","Eupercaria incertae sedis","Priacanthidae","Priacanthus",TRUE,FALSE,FALSE,273763,NA,"Priacanthus alalaua"
"192","Emblemaria walkeri","Emblemaria walkeri","accepted","Emblemaria walkeri",NA,"species","Actinopteri","Blenniiformes","Chaenopsidae","Emblemaria",TRUE,FALSE,FALSE,280657,NA,"Emblemaria walkeri"
"193","Kyphosus lutescens","Kyphosus lutescens","accepted","Kyphosus lutescens",NA,"species","Actinopteri","Centrarchiformes","Kyphosidae","Kyphosus",TRUE,FALSE,FALSE,273523,NA,"Kyphosus lutescens"
"194","Malacoctenus margaritae","Malacoctenus margaritae","accepted","Malacoctenus margaritae",NA,"species","Actinopteri","Blenniiformes","Labrisomidae","Malacoctenus",TRUE,FALSE,FALSE,281501,NA,"Malacoctenus margaritae"
"195","Rypticus courtenayi","Rypticus courtenayi","accepted","Rypticus courtenayi",NA,"species","Actinopteri","Perciformes","Serranidae","Rypticus",TRUE,FALSE,FALSE,275960,NA,"Rypticus courtenayi"
"196","Chaenopsis coheni","Chaenopsis coheni","accepted","Chaenopsis coheni",NA,"species","Actinopteri","Blenniiformes","Chaenopsidae","Chaenopsis",TRUE,FALSE,FALSE,280103,NA,"Chaenopsis coheni"
"197","Dactyloscopus byersi","Dactyloscopus byersi","accepted","Dactyloscopus byersi",NA,"species","Actinopteri","Blenniiformes","Dactyloscopidae","Dactyloscopus",TRUE,FALSE,FALSE,276395,NA,"Dactyloscopus byersorum"
"198","Paraclinus altivelis","Paraclinus altivelis","accepted","Paraclinus altivelis",NA,"species","Actinopteri","Blenniiformes","Labrisomidae","Paraclinus",TRUE,FALSE,FALSE,282015,NA,"Paraclinus altivelis"
"199","Umbrina dorsalis","Umbrina dorsalis","accepted","Umbrina dorsalis",NA,"species","Actinopteri","Eupercaria incertae sedis","Sciaenidae","Umbrina",TRUE,FALSE,FALSE,273797,NA,"Umbrina dorsalis"
"200","Ilypnus luculentus","Ilypnus luculentus","accepted","Ilypnus luculentus",NA,"species","Actinopteri","Gobiiformes","Gobiidae","Ilypnus",TRUE,FALSE,FALSE,281175,NA,"Ilypnus luculentus"
"201","Paraconger californiensis","Paraconger californiensis","accepted","Paraconger californiensis",NA,"species","Actinopteri","Anguilliformes","Congridae","Paraconger",TRUE,FALSE,FALSE,271789,NA,"Paraconger californiensis"
"202","Ogilbia davidsmithi","Ogilbia davidsmithi","accepted","Ogilbia davidsmithi",NA,"species","Actinopteri","Ophidiiformes","Bythitidae","Ogilbia",TRUE,FALSE,FALSE,281846,NA,"Ogilbia davidsmithi"
"203","Gobiesox schultzi","Gobiesox schultzi","accepted","Gobiesox schultzi",NA,"species","Actinopteri","Gobiesociformes","Gobiesocidae","Gobiesox",TRUE,FALSE,FALSE,275680,NA,"Gobiesox schultzi"
"204","Paraletharchus pacificus","Paraletharchus pacificus","accepted","Paraletharchus pacificus",NA,"species","Actinopteri","Anguilliformes","Ophichthidae","Paraletharchus",TRUE,FALSE,FALSE,282062,NA,"Paraletharchus pacificus"
"205","Doryrhamphus excisus excisus","Doryrhamphus excisus excisus","accepted","Doryrhamphus excisus","Doryrhamphus excisus excisus","subspecies","Actinopteri","Syngnathiformes","Syngnathidae","Doryrhamphus",TRUE,FALSE,FALSE,293586,NA,"Doryrhamphus excisus"
"206","Cryptotrema seftoni","Cryptotrema seftoni","accepted","Cryptotrema seftoni",NA,"species","Actinopteri","Blenniiformes","Labrisomidae","Cryptotrema",TRUE,FALSE,FALSE,280448,NA,"Cryptotrema seftoni"
"207","Pareques fuscovittatus","Pareques fuscovittatus","accepted","Pareques fuscovittatus",NA,"species","Actinopteri","Eupercaria incertae sedis","Sciaenidae","Pareques",TRUE,FALSE,FALSE,282140,NA,"Pareques fuscovittatus"
"208","Ophidion iris","Ophidion iris","accepted","Ophidion iris",NA,"species","Actinopteri","Ophidiiformes","Ophidiidae","Ophidion",TRUE,FALSE,FALSE,272826,NA,"Ophidion iris"
"209","Labrisomus socorroensis","Labrisomus socorroensis","accepted","Labrisomus socorroensis",NA,"species","Actinopteri","Blenniiformes","Labrisomidae","Labrisomus",TRUE,FALSE,FALSE,281263,NA,"Labrisomus socorroensis"
"210","Tigrigobius digueti","Tigrigobius digueti","accepted","Tigrigobius digueti",NA,"species","Actinopteri","Gobiiformes","Gobiidae","Tigrigobius",TRUE,FALSE,FALSE,1011464,NA,"Tigrigobius digueti"
"211","Enchelycore octaviana","Enchelycore octaviana","accepted","Enchelycore octaviana",NA,"species","Actinopteri","Anguilliformes","Muraenidae","Enchelycore",TRUE,FALSE,FALSE,271810,NA,"Enchelycore octaviana"
"212","Tylosurus fodiator","Tylosurus fodiator","accepted","Tylosurus fodiator",NA,"species","Actinopteri","Beloniformes","Belonidae","Tylosurus",TRUE,FALSE,FALSE,300115,NA,"Tylosurus fodiator"
"213","Ogilbia nudiceps","Ogilbia nudiceps","accepted","Ogilbia nudiceps",NA,"species","Actinopteri","Ophidiiformes","Bythitidae","Ogilbia",TRUE,FALSE,FALSE,281853,NA,"Ogilbia nudiceps"
"214","Bathycongrus varidens","Bathycongrus varidens","accepted","Bathycongrus varidens",NA,"species","Actinopteri","Anguilliformes","Congridae","Bathycongrus",TRUE,FALSE,FALSE,276877,NA,"Bathycongrus varidens"
"215","Myrichthys pantostigmius","Myrichthys pantostigmius","accepted","Myrichthys pantostigmius",NA,"species","Actinopteri","Anguilliformes","Ophichthidae","Myrichthys",TRUE,FALSE,FALSE,275487,NA,"Myrichthys pantostigmius"
"216","Leuresthes sardina","Leuresthes sardina","accepted","Leuresthes sardina",NA,"species","Actinopteri","Atheriniformes","Atherinidae","Leuresthes",TRUE,FALSE,FALSE,281343,NA,"Leuresthes sardina"
"217","Apterichtus equatorialis","Apterichtus equatorialis","accepted","Apterichtus equatorialis",NA,"species","Actinopteri","Anguilliformes","Ophichthidae","Apterichtus",TRUE,FALSE,FALSE,271923,NA,"Apterichtus equatorialis"
"218","Dactyloscopus fallax","Dactyloscopus fallax","accepted","Dactyloscopus fallax",NA,"species","Actinopteri","Blenniiformes","Dactyloscopidae","Dactyloscopus",TRUE,FALSE,FALSE,712826,NA,"Dactyloscopus fallax"
"219","Heteroconger pellegrini","Heteroconger pellegrini","accepted","Heteroconger pellegrini",NA,"species","Actinopteri","Anguilliformes","Congridae","Heteroconger",TRUE,FALSE,FALSE,271783,NA,"Heteroconger pellegrini"
"220","Trachinotus stilbe","Trachinotus stilbe","accepted","Trachinotus stilbe",NA,"species","Actinopteri","Carangiformes","Carangidae","Trachinotus",TRUE,FALSE,FALSE,273298,NA,"Trachinotus stilbe"
"221","Acanthemblemaria mangognatha","Acanthemblemaria mangognatha","accepted","Acanthemblemaria mangognatha",NA,"species","Actinopteri","Blenniiformes","Chaenopsidae","Acanthemblemaria",TRUE,FALSE,FALSE,279456,NA,"Acanthemblemaria mangognatha"
"222","Dactyloscopus metoecus","Dactyloscopus metoecus","accepted","Dactyloscopus metoecus",NA,"species","Actinopteri","Blenniiformes","Dactyloscopidae","Dactyloscopus",TRUE,FALSE,FALSE,276402,NA,"Dactyloscopus metoecus"
"223","Callechelys eristigma","Callechelys eristigma","accepted","Callechelys eristigma",NA,"species","Actinopteri","Anguilliformes","Ophichthidae","Callechelys",TRUE,FALSE,FALSE,275466,NA,"Callechelys eristigma"
"224","Laemonema verecundum","Laemonema verecundum","accepted","Laemonema verecundum",NA,"species","Actinopteri","Gadiformes","Moridae","Laemonema",TRUE,FALSE,FALSE,272479,NA,"Laemonema verecundum"
"225","Myxodagnus macrognathus","Myxodagnus macrognathus","accepted","Myxodagnus macrognathus",NA,"species","Actinopteri","Blenniiformes","Dactyloscopidae","Myxodagnus",TRUE,FALSE,FALSE,281623,NA,"Myxodagnus macrognathus"
"226","Bathycongrus macrurus","Bathycongrus macrurus","accepted","Bathycongrus macrurus",NA,"species","Actinopteri","Anguilliformes","Congridae","Bathycongrus",TRUE,FALSE,FALSE,276870,NA,"Bathycongrus macrurus"
"227","Gobiesox marijeanae","Gobiesox marijeanae","accepted","Gobiesox marijeanae",NA,"species","Actinopteri","Gobiesociformes","Gobiesocidae","Gobiesox",TRUE,FALSE,FALSE,275672,NA,"Gobiesox marijeanae"
"228","Gillellus searcheri","Gillellus searcheri","accepted","Gillellus searcheri",NA,"species","Actinopteri","Blenniiformes","Dactyloscopidae","Gillellus",TRUE,FALSE,FALSE,280848,NA,"Gillellus searcheri"
"229","Barbulifer mexicanus","Barbulifer mexicanus","accepted","Barbulifer mexicanus",NA,"species","Actinopteri","Gobiiformes","Gobiidae","Barbulifer",TRUE,FALSE,FALSE,279863,NA,"Barbulifer mexicanus"
"230","Gillellus arenicola","Gillellus arenicola","accepted","Gillellus arenicola",NA,"species","Actinopteri","Blenniiformes","Dactyloscopidae","Gillellus",TRUE,FALSE,FALSE,280841,NA,"Gillellus arenicola"
"231","Aulopus bajacali","Aulopus bajacali","accepted","Aulopus bajacali",NA,"species","Actinopteri","Aulopiformes","Aulopidae","Aulopus",TRUE,FALSE,FALSE,272041,NA,"Aulopus bajacali"
"232","Chromis limbaughi","Chromis limbaughi","accepted","Chromis limbaughi",NA,"species","Actinopteri","Ovalentaria incertae sedis","Pomacentridae","Chromis",TRUE,FALSE,FALSE,273736,NA,"Chromis limbaughi"
"233","Starksia hoesei","Starksia hoesei","accepted","Starksia hoesei",NA,"species","Actinopteri","Blenniiformes","Labrisomidae","Starksia",TRUE,FALSE,FALSE,276373,NA,"Starksia hoesei"
"234","Platybelone pterura","Platybelone pterura","accepted","Platybelone pterura",NA,"species","Actinopteri","Beloniformes","Belonidae","Platybelone",TRUE,NA,NA,1577348,NA,"Platybelone pterura"
"235","Porichthys ephippiatus","Porichthys ephippiatus","accepted","Porichthys ephippiatus",NA,"species","Actinopteri","Batrachoidiformes","Batrachoididae","Porichthys",TRUE,FALSE,FALSE,275652,NA,"Porichthys ephippiatus"
"236","Dactyloscopus minutus","Dactyloscopus minutus","accepted","Dactyloscopus minutus",NA,"species","Actinopteri","Blenniiformes","Dactyloscopidae","Dactyloscopus",TRUE,FALSE,FALSE,276403,NA,"Dactyloscopus minutus"
"237","Platybelone platyura","Platybelone platyura","accepted","Platybelone platyura",NA,"species","Actinopteri","Beloniformes","Belonidae","Platybelone",TRUE,FALSE,FALSE,1592404,NA,"Platybelone platyura"
"238","Sphoeroides sechurae","Sphoeroides sechurae","accepted","Sphoeroides sechurae",NA,"species","Actinopteri","Tetraodontiformes","Tetraodontidae","Sphoeroides",TRUE,FALSE,FALSE,275284,NA,"Sphoeroides sechurae"
"239","Narcine vermiculata","Narcine vermiculata","accepted","Narcine vermiculata",NA,"species","Elasmobranchii","Torpediniformes","Narcinidae","Narcine",TRUE,FALSE,FALSE,1486845,NA,"Narcine vermiculata"
"240","Uropterygius versutus","Uropterygius versutus","accepted","Uropterygius versutus",NA,"species","Actinopteri","Anguilliformes","Muraenidae","Uropterygius",TRUE,FALSE,FALSE,277955,NA,"Uropterygius versutus"
"241","Starksia cremnobates","Starksia cremnobates","accepted","Starksia cremnobates",NA,"species","Actinopteri","Blenniiformes","Labrisomidae","Starksia",TRUE,FALSE,FALSE,276363,NA,"Starksia cremnobates"
"242","Urotrygon munda","Urotrygon munda","accepted","Urotrygon munda",NA,"species","Elasmobranchii","Myliobatiformes","Urotrygonidae","Urotrygon",TRUE,FALSE,FALSE,283118,NA,"Urotrygon munda"
"243","Malacoctenus mexicanus","Malacoctenus mexicanus","accepted","Malacoctenus mexicanus",NA,"species","Actinopteri","Blenniiformes","Labrisomidae","Malacoctenus",TRUE,FALSE,FALSE,712819,NA,"Malacoctenus mexicanus"
"244","Ogilbia boydwalkeri","Ogilbia boydwalkeri","accepted","Ogilbia boydwalkeri",NA,"species","Actinopteri","Ophidiiformes","Bythitidae","Ogilbia",TRUE,FALSE,FALSE,281843,NA,"Ogilbia boydwalkeri"
"245","Malacoctenus polyporosus","Malacoctenus polyporosus","accepted","Malacoctenus polyporosus",NA,"species","Actinopteri","Blenniiformes","Labrisomidae","Malacoctenus",TRUE,FALSE,FALSE,314916,NA,"Malacoctenus polyporosus"
"246","Perissias taeniopterus","Perissias taeniopterus","accepted","Perissias taeniopterus",NA,"species","Actinopteri","Pleuronectiformes","Bothidae","Perissias",TRUE,FALSE,FALSE,282219,NA,"Perissias taeniopterus"
"247","Serranus socorroensis","Serranus socorroensis","accepted","Serranus socorroensis",NA,"species","Actinopteri","Perciformes","Serranidae","Serranus",TRUE,FALSE,FALSE,273906,NA,"Serranus socorroensis"
"248","Uropterygius marmoratus","Uropterygius marmoratus","accepted","Uropterygius marmoratus",NA,"species","Actinopteri","Anguilliformes","Muraenidae","Uropterygius",TRUE,TRUE,FALSE,212032,NA,"Uropterygius marmoratus"
"249","Lycenchelys folletti","Lycenchelys folletti","accepted","Lycenchelys folletti",NA,"species","Actinopteri","Perciformes","Zoarcidae","Lycenchelys",TRUE,FALSE,FALSE,274064,NA,"Lycenchelys folletti"
"250","Raja equatorialis","Raja equatorialis","accepted","Raja equatorialis",NA,"species","Elasmobranchii","Rajiformes","Rajidae","Raja",TRUE,FALSE,FALSE,271576,NA,"Raja equatorialis"
"251","Gillellus ornatus","Gillellus ornatus","accepted","Gillellus ornatus",NA,"species","Actinopteri","Blenniiformes","Dactyloscopidae","Gillellus",TRUE,FALSE,FALSE,280847,NA,"Gillellus ornatus"
"252","Rhamphocetichthys savagei","Rhamphocetichthys savagei","accepted","Rhamphocetichthys savagei",NA,"species","Actinopteri","Beryciformes","Cetomimidae","Rhamphocetichthys",TRUE,FALSE,FALSE,282577,NA,"Rhamphocetichthys savagei"
"253","Paraclinus stephensi","Paraclinus stephensi","accepted","Paraclinus stephensi",NA,"species","Actinopteri","Blenniiformes","Labrisomidae","Paraclinus",TRUE,FALSE,FALSE,282035,NA,"Paraclinus stephensi"
"254","Lythrypnus insularis","Lythrypnus insularis","accepted","Lythrypnus insularis",NA,"species","Actinopteri","Gobiiformes","Gobiidae","Lythrypnus",TRUE,FALSE,FALSE,281461,NA,"Lythrypnus insularis"
"255","Urotrygon simulatrix","Urotrygon simulatrix","accepted","Urotrygon simulatrix",NA,"species","Elasmobranchii","Myliobatiformes","Urotrygonidae","Urotrygon",TRUE,FALSE,FALSE,283124,NA,"Urotrygon simulatrix"
"256","Phaenomonas pinnata","Phaenomonas pinnata","accepted","Phaenomonas pinnata",NA,"species","Actinopteri","Anguilliformes","Ophichthidae","Phaenomonas",TRUE,FALSE,FALSE,277572,NA,"Phaenomonas pinnata"
"257","Starksia lepidogaster","Starksia lepidogaster","accepted","Starksia lepidogaster",NA,"species","Actinopteri","Blenniiformes","Labrisomidae","Starksia",TRUE,FALSE,FALSE,276375,NA,"Starksia lepidogaster"
"258","Scorpaena russula","Scorpaena russula","accepted","Scorpaena russula",NA,"species","Actinopteri","Perciformes","Scorpaenidae","Scorpaena",TRUE,FALSE,FALSE,274735,NA,"Scorpaena russula"
"259","Callechelys cliffi","Callechelys cliffi","accepted","Callechelys cliffi",NA,"species","Actinopteri","Anguilliformes","Ophichthidae","Callechelys",TRUE,FALSE,FALSE,275465,NA,"Callechelys cliffi"
"260","Uropterygius polystictus","Uropterygius polystictus","accepted","Uropterygius polystictus",NA,"species","Actinopteri","Anguilliformes","Muraenidae","Uropterygius",TRUE,FALSE,FALSE,277954,NA,"Uropterygius polystictus"
"261","Enneanectes exsul","Enneanectes exsul","accepted","Enneanectes exsul",NA,"species","Actinopteri","Blenniiformes","Tripterygiidae","Enneanectes",TRUE,FALSE,FALSE,835051,NA,"Enneanectes exsul"
"262","Parrella maxillaris","Parrella maxillaris","accepted","Parrella maxillaris",NA,"species","Actinopteri","Gobiiformes","Gobiidae","Parrella",TRUE,FALSE,FALSE,282174,NA,"Parrella maxillaris"
"263","Dactylagnus parvus","Dactylagnus parvus","accepted","Dactylagnus parvus",NA,"species","Actinopteri","Blenniiformes","Dactyloscopidae","Dactylagnus",TRUE,FALSE,FALSE,280471,NA,"Dactylagnus parvus"
"264","Acanthemblemaria hastingsi","Acanthemblemaria hastingsi","accepted","Acanthemblemaria hastingsi",NA,"species","Actinopteri","Blenniiformes","Chaenopsidae","Acanthemblemaria",TRUE,FALSE,FALSE,712821,NA,"Acanthemblemaria hastingsi"
"265","Diplectrum rostrum","Diplectrum rostrum","accepted","Diplectrum rostrum",NA,"species","Actinopteri","Perciformes","Serranidae","Diplectrum",TRUE,FALSE,FALSE,276185,NA,"Diplectrum rostrum"
"266","Leptenchelys vermiformis","Leptenchelys vermiformis","accepted","Leptenchelys vermiformis",NA,"species","Actinopteri","Anguilliformes","Ophichthidae","Leptenchelys",TRUE,FALSE,FALSE,281311,NA,"Leptenchelys vermiformis"
"267","Opistognathus walkeri","Opistognathus walkeri","accepted","Opistognathus walkeri",NA,"species","Actinopteri","Ovalentaria incertae sedis","Opistognathidae","Opistognathus",TRUE,FALSE,FALSE,293666,NA,"Opistognathus walkeri"
"268","Eptatretus sinus","Eptatretus sinus","accepted","Eptatretus sinus",NA,"species","Myxini","Myxiniformes","Myxinidae","Eptatretus",TRUE,FALSE,FALSE,279296,NA,"Eptatretus sinus"
"269","Pachycara suspectum","Pachycara suspectum","accepted","Pachycara suspectum",NA,"species","Actinopteri","Perciformes","Zoarcidae","Pachycara",TRUE,FALSE,FALSE,274150,NA,"Pachycara suspectum"
"270","Evermannia longipinnis","Evermannia longipinnis","accepted","Evermannia longipinnis",NA,"species","Actinopteri","Gobiiformes","Gobiidae","Evermannia",TRUE,FALSE,FALSE,280761,NA,"Evermannia longipinnis"
"271","Larimus effulgens","Larimus effulgens","accepted","Larimus effulgens",NA,"species","Actinopteri","Eupercaria incertae sedis","Sciaenidae","Larimus",TRUE,FALSE,FALSE,276130,NA,"Larimus effulgens"
"272","Ogilbia robertsoni","Ogilbia robertsoni","accepted","Ogilbia robertsoni",NA,"species","Actinopteri","Ophidiiformes","Bythitidae","Ogilbia",TRUE,FALSE,FALSE,281854,NA,"Ogilbia robertsoni"
"273","Clarkichthys bilineatus","Clarkichthys bilineatus","accepted","Clarkichthys bilineatus",NA,"species","Actinopteri","Perciformes","Microdesmidae","Clarkichthys",TRUE,FALSE,FALSE,280208,NA,"Clarkichthys bilineatus"
"274","Menticirrhus panamensis","Menticirrhus panamensis","accepted","Menticirrhus panamensis",NA,"species","Actinopteri","Eupercaria incertae sedis","Sciaenidae","Menticirrhus",TRUE,FALSE,FALSE,276149,NA,"Menticirrhus panamensis"
"275","Oligoplites refulgens","Oligoplites refulgens","accepted","Oligoplites refulgens",NA,"species","Actinopteri","Carangiformes","Carangidae","Oligoplites",TRUE,TRUE,FALSE,276358,NA,"Oligoplites refulgens"
"276","Opistognathus fossoris","Opistognathus fossoris","accepted","Opistognathus fossoris",NA,"species","Actinopteri","Ovalentaria incertae sedis","Opistognathidae","Opistognathus",TRUE,FALSE,FALSE,293664,NA,"Opistognathus fossoris"
"277","Petrotyx hopkinsi","Petrotyx hopkinsi","accepted","Petrotyx hopkinsi",NA,"species","Actinopteri","Ophidiiformes","Ophidiidae","Petrotyx",TRUE,FALSE,FALSE,282224,NA,"Petrotyx hopkinsi"
"278","Opisthopterus dovii","Opisthopterus dovii","accepted","Opisthopterus dovii",NA,"species","Actinopteri","Clupeiformes","Pristigasteridae","Opisthopterus",TRUE,TRUE,FALSE,281919,NA,"Opisthopterus dovii"
"279","Achirus scutum","Achirus scutum","accepted","Achirus scutum",NA,"species","Actinopteri","Pleuronectiformes","Achiridae","Achirus",TRUE,TRUE,FALSE,279495,NA,"Achirus scutum"
"280","Myrichthys aspetocheiros","Myrichthys aspetocheiros","accepted","Myrichthys aspetocheiros",NA,"species","Actinopteri","Anguilliformes","Ophichthidae","Myrichthys",TRUE,FALSE,FALSE,275483,NA,"Myrichthys aspetocheiros"
"281","Stomias colubrinus","Stomias colubrinus","accepted","Stomias colubrinus",NA,"species","Actinopteri","Stomiiformes","Stomiidae","Stomias",TRUE,FALSE,FALSE,306767,NA,"Stomias colubrinus"
"282","Quassiremus nothochir","Quassiremus nothochir","accepted","Quassiremus nothochir",NA,"species","Actinopteri","Anguilliformes","Ophichthidae","Quassiremus",TRUE,FALSE,FALSE,282534,NA,"Quassiremus nothochir"
"283","Seriola peruana","Seriola peruana","accepted","Seriola peruana",NA,"species","Actinopteri","Carangiformes","Carangidae","Seriola",TRUE,FALSE,FALSE,276650,NA,"Seriola peruana"
"284","Hypsoblennius proteus","Hypsoblennius proteus","accepted","Hypsoblennius proteus",NA,"species","Actinopteri","Blenniiformes","Blenniidae","Hypsoblennius",TRUE,FALSE,FALSE,276330,NA,"Hypsoblennius proteus"
"285","Ophichthus apachus","Ophichthus apachus","accepted","Ophichthus apachus",NA,"species","Actinopteri","Anguilliformes","Ophichthidae","Ophichthus",TRUE,FALSE,FALSE,271938,NA,"Ophichthus apachus"
"286","Monolene dubiosa","Monolene dubiosa","accepted","Monolene dubiosa",NA,"species","Actinopteri","Pleuronectiformes","Bothidae","Monolene",TRUE,FALSE,FALSE,275917,NA,"Monolene dubiosa"
"287","Symphurus oligomerus","Symphurus oligomerus","accepted","Symphurus oligomerus",NA,"species","Actinopteri","Pleuronectiformes","Cynoglossidae","Symphurus",TRUE,FALSE,FALSE,274264,NA,"Symphurus oligomerus"
"288","Aseraggodes herrei","Aseraggodes herrei","accepted","Aseraggodes herrei",NA,"species","Actinopteri","Pleuronectiformes","Soleidae","Aseraggodes",TRUE,FALSE,FALSE,279721,NA,"Aseraggodes herrei"
"289","Plectroglyphidodon fasciolatus","Plectroglyphidodon fasciolatus","accepted","Plectroglyphidodon fasciolatus",NA,"species","Actinopteri","Ovalentaria incertae sedis","Pomacentridae","Plectroglyphidodon",TRUE,FALSE,FALSE,1592381,NA,"Plectroglyphidodon fasciolatus"
"290","Plagiotremus goslinei","Plagiotremus goslinei","accepted","Plagiotremus goslinei",NA,"species","Actinopteri","Blenniiformes","Blenniidae","Plagiotremus",TRUE,FALSE,FALSE,278236,NA,"Plagiotremus goslinei"
"291","Pycnochromis hanui","Pycnochromis hanui","accepted","Pycnochromis hanui",NA,"species","Actinopteri","Ovalentaria incertae sedis","Pomacentridae","Pycnochromis",TRUE,FALSE,FALSE,1595015,NA,"Pycnochromis hanui"
"292","Plagiotremus ewaensis","Plagiotremus ewaensis","accepted","Plagiotremus ewaensis",NA,"species","Actinopteri","Blenniiformes","Blenniidae","Plagiotremus",TRUE,FALSE,FALSE,278235,NA,"Plagiotremus ewaensis"
"293","Kyphosus sandwicensis","Kyphosus sandwicensis","accepted","Kyphosus sandwicensis",NA,"species","Actinopteri","Centrarchiformes","Kyphosidae","Kyphosus",TRUE,FALSE,FALSE,712742,NA,"Kyphosus sandwicensis"
"294","Halieutaea retifera","Halieutaea retifera","accepted","Halieutaea retifera",NA,"species","Actinopteri","Lophiiformes","Ogcocephalidae","Halieutaea",TRUE,FALSE,FALSE,279065,NA,"Halieutaea retifera"
"295","Coris ballieui","Coris ballieui","accepted","Coris ballieui",NA,"species","Actinopteri","Eupercaria incertae sedis","Labridae","Coris",TRUE,FALSE,FALSE,273550,NA,"Coris ballieui"
"296","Caracanthus typicus","Caracanthus typicus","accepted","Caracanthus typicus",NA,"species","Actinopteri","Perciformes","Scorpaenidae","Caracanthus",TRUE,FALSE,FALSE,277038,NA,"Caracanthus typicus"
"297","Eustomias enbarbatus","Eustomias enbarbatus","accepted","Eustomias enbarbatus",NA,"species","Actinopteri","Stomiiformes","Stomiidae","Eustomias",TRUE,FALSE,FALSE,158854,NA,"Eustomias enbarbatus"
"298","Ariosoma marginatum","Ariosoma marginatum","accepted","Ariosoma marginatum",NA,"species","Actinopteri","Anguilliformes","Congridae","Ariosoma",TRUE,FALSE,FALSE,271725,NA,"Ariosoma marginatum"
"299","Argyripnus brocki","Argyripnus brocki","accepted","Argyripnus brocki",NA,"species","Actinopteri","Stomiiformes","Sternoptychidae","Argyripnus",TRUE,FALSE,FALSE,274963,NA,"Argyripnus brocki"
"300","Eustomias curtatus","Eustomias curtatus","accepted","Eustomias curtatus",NA,"species","Actinopteri","Stomiiformes","Stomiidae","Eustomias",TRUE,FALSE,FALSE,275082,NA,"Eustomias curtatus"
"301","Eustomias bibulboides","Eustomias bibulboides","accepted","Eustomias bibulboides",NA,"species","Actinopteri","Stomiiformes","Stomiidae","Eustomias",TRUE,FALSE,FALSE,275067,NA,"Eustomias bibulboides"
"302","Pseudanthias thompsoni","Pseudanthias thompsoni","accepted","Pseudanthias thompsoni",NA,"species","Actinopteri","Perciformes","Serranidae","Pseudanthias",TRUE,FALSE,FALSE,277483,NA,"Pseudanthias thompsoni"
"303","Aulotrachichthys heptalepis","Aulotrachichthys heptalepis","accepted","Aulotrachichthys heptalepis",NA,"species","Actinopteri","Trachichthyiformes","Trachichthyidae","Aulotrachichthys",TRUE,FALSE,FALSE,313818,NA,"Aulotrachichthys heptalepis"
"304","Physiculus sterops","Physiculus sterops","accepted","Physiculus sterops",NA,"species","Actinopteri","Gadiformes","Moridae","Physiculus",TRUE,FALSE,FALSE,272514,NA,"Physiculus sterops"
"305","Dasyscopelus spinosus","Dasyscopelus spinosus","accepted","Dasyscopelus spinosus",NA,"species","Actinopteri","Myctophiformes","Myctophidae","Dasyscopelus",TRUE,FALSE,FALSE,1525960,NA,"Dasyscopelus spinosus"
"306","Eustomias vulgaris","Eustomias vulgaris","accepted","Eustomias vulgaris",NA,"species","Actinopteri","Stomiiformes","Stomiidae","Eustomias",TRUE,FALSE,FALSE,275148,NA,"Eustomias vulgaris"
"307","Chlorophthalmus proridens","Chlorophthalmus proridens","accepted","Chlorophthalmus proridens",NA,"species","Actinopteri","Aulopiformes","Chlorophthalmidae","Chlorophthalmus",TRUE,FALSE,FALSE,272061,NA,"Chlorophthalmus proridens"
"308","Eustomias gibbsi","Eustomias gibbsi","accepted","Eustomias gibbsi",NA,"species","Actinopteri","Stomiiformes","Stomiidae","Eustomias",TRUE,FALSE,FALSE,275093,NA,"Eustomias gibbsi"
"309","Neomerinthe rufescens","Neomerinthe rufescens","accepted","Neomerinthe rufescens",NA,"species","Actinopteri","Perciformes","Scorpaenidae","Neomerinthe",TRUE,FALSE,FALSE,276267,NA,"Neomerinthe rufescens"
"310","Glossanodon struhsakeri","Glossanodon struhsakeri","accepted","Glossanodon struhsakeri",NA,"species","Actinopteri","Argentiniformes","Argentinidae","Glossanodon",TRUE,FALSE,FALSE,272909,NA,"Glossanodon struhsakeri"
"311","Eurypegasus papilio","Eurypegasus papilio","accepted","Eurypegasus papilio",NA,"species","Actinopteri","Dactylopteriformes","Pegasidae","Eurypegasus",TRUE,FALSE,FALSE,276730,NA,"Eurypegasus papilio"
"312","Eustomias dinema","Eustomias dinema","accepted","Eustomias dinema",NA,"species","Actinopteri","Stomiiformes","Stomiidae","Eustomias",TRUE,FALSE,FALSE,275089,NA,"Eustomias dinema"
"313","Gonorynchus moseleyi","Gonorynchus moseleyi","accepted","Gonorynchus moseleyi",NA,"species","Actinopteri","Gonorynchiformes","Gonorynchidae","Gonorynchus",TRUE,FALSE,FALSE,277931,NA,"Gonorynchus moseleyi"
"314","Diaphus wisneri","Diaphus wisneri","accepted","Diaphus wisneri",NA,"species","Actinopteri","Myctophiformes","Myctophidae","Diaphus",TRUE,FALSE,FALSE,272700,NA,"Diaphus wisneri"
"315","Antigonia eos","Antigonia eos","accepted","Antigonia eos",NA,"species","Actinopteri","Acanthuriformes","Caproidae","Antigonia",TRUE,FALSE,FALSE,275289,NA,"Antigonia eos"
"316","Ostorhinchus maculiferus","Ostorhinchus maculiferus","accepted","Ostorhinchus maculiferus",NA,"species","Actinopteri","Kurtiformes","Apogonidae","Ostorhinchus",TRUE,FALSE,FALSE,712670,NA,"Ostorhinchus maculiferus"
"317","Eustomias medusa","Eustomias medusa","accepted","Eustomias medusa",NA,"species","Actinopteri","Stomiiformes","Stomiidae","Eustomias",TRUE,FALSE,FALSE,275109,NA,"Eustomias medusa"
"318","Parapercis roseoviridis","Parapercis roseoviridis","accepted","Parapercis roseoviridis",NA,"species","Actinopteri","Perciformes","Pinguipedidae","Parapercis",TRUE,FALSE,FALSE,277012,NA,"Parapercis roseoviridis"
"319","Polyipnus nuttingi","Polyipnus nuttingi","accepted","Polyipnus nuttingi",NA,"species","Actinopteri","Stomiiformes","Sternoptychidae","Polyipnus",TRUE,FALSE,FALSE,274990,NA,"Polyipnus nuttingi"
"320","Mataeocephalus acipenserinus","Mataeocephalus acipenserinus","accepted","Mataeocephalus acipenserinus",NA,"species","Actinopteri","Gadiformes","Macrouridae","Mataeocephalus",TRUE,FALSE,FALSE,277195,NA,"Mataeocephalus acipenserinus"
"321","Eustomias melanostigmoides","Eustomias melanostigmoides","accepted","Eustomias melanostigmoides",NA,"species","Actinopteri","Stomiiformes","Stomiidae","Eustomias",TRUE,FALSE,FALSE,275112,NA,"Eustomias melanostigmoides"
"322","Acromycter alcocki","Acromycter alcocki","accepted","Acromycter alcocki",NA,"species","Actinopteri","Anguilliformes","Congridae","Acromycter",TRUE,FALSE,FALSE,275420,NA,"Acromycter alcocki"
"323","Eustomias problematicus","Eustomias problematicus","accepted","Eustomias problematicus",NA,"species","Actinopteri","Stomiiformes","Stomiidae","Eustomias",TRUE,FALSE,FALSE,275132,NA,"Eustomias problematicus"
"324","Snyderidia canina","Snyderidia canina","accepted","Snyderidia canina",NA,"species","Actinopteri","Ophidiiformes","Carapidae","Snyderidia",TRUE,FALSE,FALSE,282817,NA,"Snyderidia canina"
"325","Eustomias longiramis","Eustomias longiramis","accepted","Eustomias longiramis",NA,"species","Actinopteri","Stomiiformes","Stomiidae","Eustomias",TRUE,FALSE,FALSE,275106,NA,"Eustomias longiramis"
"326","Sebastapistes ballieui","Sebastapistes ballieui","accepted","Sebastapistes ballieui",NA,"species","Actinopteri","Perciformes","Scorpaenidae","Sebastapistes",TRUE,FALSE,FALSE,274757,NA,"Sebastapistes ballieui"
"327","Eustomias inconstans","Eustomias inconstans","accepted","Eustomias inconstans",NA,"species","Actinopteri","Stomiiformes","Stomiidae","Eustomias",TRUE,FALSE,FALSE,275097,NA,"Eustomias inconstans"
"328","Eustomias magnificus","Eustomias magnificus","accepted","Eustomias magnificus",NA,"species","Actinopteri","Stomiiformes","Stomiidae","Eustomias",TRUE,FALSE,FALSE,275108,NA,"Eustomias magnificus"
"329","Torquigener florealis","Torquigener florealis","accepted","Torquigener florealis",NA,"species","Actinopteri","Tetraodontiformes","Tetraodontidae","Torquigener",TRUE,FALSE,FALSE,278266,NA,"Torquigener florealis"
"330","Bathycongrus aequoreus","Bathycongrus aequoreus","accepted","Bathycongrus aequoreus",NA,"species","Actinopteri","Anguilliformes","Congridae","Bathycongrus",TRUE,FALSE,FALSE,276864,NA,"Bathycongrus aequoreus"
"331","Pterois sphex","Pterois sphex","accepted","Pterois sphex",NA,"species","Actinopteri","Perciformes","Scorpaenidae","Pterois",TRUE,FALSE,FALSE,276269,NA,"Pterois sphex"
"332","Aristostomias lunifer","Aristostomias lunifer","accepted","Aristostomias lunifer",NA,"species","Actinopteri","Stomiiformes","Stomiidae","Aristostomias",TRUE,FALSE,FALSE,127318,NA,"Aristostomias lunifer"
"333","Eustomias pacificus","Eustomias pacificus","accepted","Eustomias pacificus",NA,"species","Actinopteri","Stomiiformes","Stomiidae","Eustomias",TRUE,FALSE,FALSE,275122,NA,"Eustomias pacificus"
"334","Eustomias bulbiramis","Eustomias bulbiramis","accepted","Eustomias bulbiramis",NA,"species","Actinopteri","Stomiiformes","Stomiidae","Eustomias",TRUE,FALSE,FALSE,275075,NA,"Eustomias bulbiramis"
"335","Eustomias cryptobulbus","Eustomias cryptobulbus","accepted","Eustomias cryptobulbus",NA,"species","Actinopteri","Stomiiformes","Stomiidae","Eustomias",TRUE,FALSE,FALSE,275081,NA,"Eustomias cryptobulbus"
"336","Eustomias bigelowi","Eustomias bigelowi","accepted","Eustomias bigelowi",NA,"species","Actinopteri","Stomiiformes","Stomiidae","Eustomias",TRUE,FALSE,FALSE,275069,NA,"Eustomias bigelowi"
"337","Oxyurichthys heisei","Oxyurichthys heisei","accepted","Oxyurichthys heisei",NA,"species","Actinopteri","Gobiiformes","Gobiidae","Oxyurichthys",TRUE,FALSE,FALSE,273458,NA,"Oxyurichthys heisei"
"338","Malthopsis mitrigera","Malthopsis mitrigera","accepted","Malthopsis mitrigera",NA,"species","Actinopteri","Lophiiformes","Ogcocephalidae","Malthopsis",TRUE,FALSE,FALSE,220352,NA,"Malthopsis mitrigera"
"339","Coelorinchus gladius","Coelorinchus gladius","accepted","Coelorinchus gladius",NA,"species","Actinopteri","Gadiformes","Macrouridae","Coelorinchus",TRUE,FALSE,FALSE,280283,NA,"Coelorinchus gladius"
"340","Photonectes caerulescens","Photonectes caerulescens","accepted","Photonectes caerulescens",NA,"species","Actinopteri","Stomiiformes","Stomiidae","Photonectes",TRUE,FALSE,FALSE,275172,NA,"Photonectes caerulescens"
"341","Ammodytoides pylei","Ammodytoides pylei","accepted","Ammodytoides pylei",NA,"species","Actinopteri","Perciformes","Ammodytidae","Ammodytoides",TRUE,FALSE,FALSE,276859,NA,"Ammodytoides pylei"
"342","Physiculus grinnelli","Physiculus grinnelli","accepted","Physiculus grinnelli",NA,"species","Actinopteri","Gadiformes","Moridae","Physiculus",TRUE,FALSE,FALSE,272492,NA,"Physiculus grinnelli"
"343","Coelorinchus aratrum","Coelorinchus aratrum","accepted","Coelorinchus aratrum",NA,"species","Actinopteri","Gadiformes","Macrouridae","Coelorinchus",TRUE,FALSE,FALSE,280249,NA,"Coelorinchus aratrum"
"344","Synodus falcatus","Synodus falcatus","accepted","Synodus falcatus",NA,"species","Actinopteri","Aulopiformes","Synodontidae","Synodus",TRUE,FALSE,FALSE,272125,NA,"Synodus falcatus"
"345","Argyripnus ephippiatus","Argyripnus ephippiatus","accepted","Argyripnus ephippiatus",NA,"species","Actinopteri","Stomiiformes","Sternoptychidae","Argyripnus",TRUE,FALSE,FALSE,274965,NA,"Argyripnus ephippiatus"
"346","Istiblennius zebra","Istiblennius zebra","accepted","Istiblennius zebra",NA,"species","Actinopteri","Blenniiformes","Blenniidae","Istiblennius",TRUE,FALSE,FALSE,278383,NA,"Istiblennius zebra"
"347","Parascombrops argyreus","Parascombrops argyreus","accepted","Parascombrops argyreus",NA,"species","Actinopteri","Acropomatiformes","Acropomatidae","Parascombrops",TRUE,FALSE,FALSE,1468433,NA,"Parascombrops argyreus"
"348","Astronesthes luetkeni","Astronesthes luetkeni","accepted","Astronesthes luetkeni",NA,"species","Actinopteri","Stomiiformes","Stomiidae","Astronesthes",TRUE,FALSE,FALSE,275031,NA,"Astronesthes luetkeni"
"349","Torquigener randalli","Torquigener randalli","accepted","Torquigener randalli",NA,"species","Actinopteri","Tetraodontiformes","Tetraodontidae","Torquigener",TRUE,FALSE,FALSE,278274,NA,"Torquigener randalli"
"350","Eustomias macronema","Eustomias macronema","accepted","Eustomias macronema",NA,"species","Actinopteri","Stomiiformes","Stomiidae","Eustomias",TRUE,FALSE,FALSE,127345,NA,"Eustomias macronema"
"351","Chromis struhsakeri","Chromis struhsakeri","accepted","Chromis struhsakeri",NA,"species","Actinopteri","Ovalentaria incertae sedis","Pomacentridae","Chromis",TRUE,FALSE,FALSE,273757,NA,"Chromis struhsakeri"
"352","Scopelengys clarkei","Scopelengys clarkei","accepted","Scopelengys clarkei",NA,"species","Actinopteri","Myctophiformes","Neoscopelidae","Scopelengys",TRUE,FALSE,FALSE,272737,NA,"Scopelengys clarkei"
"353","Photonectes parvimanus","Photonectes parvimanus","accepted","Photonectes parvimanus",NA,"species","Actinopteri","Stomiiformes","Stomiidae","Photonectes",TRUE,FALSE,FALSE,127371,NA,"Photonectes parvimanus"
"354","Eustomias albibulbus","Eustomias albibulbus","accepted","Eustomias albibulbus",NA,"species","Actinopteri","Stomiiformes","Stomiidae","Eustomias",TRUE,FALSE,FALSE,275062,NA,"Eustomias albibulbus"
"355","Astronesthes bilobatus","Astronesthes bilobatus","accepted","Astronesthes bilobatus",NA,"species","Actinopteri","Stomiiformes","Stomiidae","Astronesthes",TRUE,FALSE,FALSE,275009,NA,"Astronesthes bilobatus"
"356","Arnoglossus debilis","Arnoglossus debilis","accepted","Arnoglossus debilis",NA,"species","Actinopteri","Pleuronectiformes","Bothidae","Arnoglossus",TRUE,FALSE,FALSE,274162,NA,"Arnoglossus debilis"
"357","Eustomias bituberoides","Eustomias bituberoides","accepted","Eustomias bituberoides",NA,"species","Actinopteri","Stomiiformes","Stomiidae","Eustomias",TRUE,FALSE,FALSE,275074,NA,"Eustomias bituberoides"
"358","Eustomias elongatus","Eustomias elongatus","accepted","Eustomias elongatus",NA,"species","Actinopteri","Stomiiformes","Stomiidae","Eustomias",TRUE,FALSE,FALSE,275091,NA,"Eustomias elongatus"
"359","Eustomias parini","Eustomias parini","accepted","Eustomias parini",NA,"species","Actinopteri","Stomiiformes","Stomiidae","Eustomias",TRUE,FALSE,FALSE,275123,NA,"Eustomias parini"
"360","Lestidium nudum","Lestidium nudum","accepted","Lestidium nudum",NA,"species","Actinopteri","Aulopiformes","Paralepididae","Lestidium",TRUE,FALSE,FALSE,275833,NA,"Lestidium nudum"
"361","Priolepis aureoviridis","Priolepis aureoviridis","accepted","Priolepis aureoviridis",NA,"species","Actinopteri","Gobiiformes","Gobiidae","Priolepis",TRUE,FALSE,FALSE,276762,NA,"Priolepis aureoviridis"
"362","Eustomias bimargaritoides","Eustomias bimargaritoides","accepted","Eustomias bimargaritoides",NA,"species","Actinopteri","Stomiiformes","Stomiidae","Eustomias",TRUE,FALSE,FALSE,275071,NA,"Eustomias bimargaritoides"
"363","Plectranthias helenae","Plectranthias helenae","accepted","Plectranthias helenae",NA,"species","Actinopteri","Perciformes","Serranidae","Plectranthias",TRUE,FALSE,FALSE,279006,NA,"Plectranthias helenae"
"364","Rosenblattichthys hubbsi","Rosenblattichthys hubbsi","accepted","Rosenblattichthys hubbsi",NA,"species","Actinopteri","Aulopiformes","Scopelarchidae","Rosenblattichthys",TRUE,FALSE,FALSE,126366,NA,"Rosenblattichthys hubbsi"
"365","Ahliesaurus brevis","Ahliesaurus brevis","accepted","Ahliesaurus brevis",NA,"species","Actinopteri","Aulopiformes","Notosudidae","Ahliesaurus",TRUE,FALSE,FALSE,272078,NA,"Ahliesaurus brevis"
"366","Lophiodes bruchius","Lophiodes bruchius","accepted","Lophiodes bruchius",NA,"species","Actinopteri","Lophiiformes","Lophiidae","Lophiodes",TRUE,FALSE,FALSE,278524,NA,"Lophiodes bruchius"
"367","Ventrifossa atherodon","Ventrifossa atherodon","accepted","Ventrifossa atherodon",NA,"species","Actinopteri","Gadiformes","Macrouridae","Ventrifossa",TRUE,FALSE,FALSE,275590,NA,"Ventrifossa atherodon"
"368","Apterichtus flavicaudus","Apterichtus flavicaudus","accepted","Apterichtus flavicaudus",NA,"species","Actinopteri","Anguilliformes","Ophichthidae","Apterichtus",TRUE,FALSE,FALSE,271924,NA,"Apterichtus flavicaudus"
"369","Chrionema squamiceps","Chrionema squamiceps","accepted","Chrionema squamiceps",NA,"species","Actinopteri","Perciformes","Percophidae","Chrionema",TRUE,FALSE,FALSE,280180,NA,"Chrionema squamiceps"
"370","Ijimaia plicatellus","Ijimaia plicatellus","accepted","Ijimaia plicatellus",NA,"species","Actinopteri","Ateleopodiformes","Ateleopodidae","Ijimaia",TRUE,FALSE,FALSE,272026,NA,"Ijimaia plicatellus"
"371","Scorpaena pele","Scorpaena pele","accepted","Scorpaena pele",NA,"species","Actinopteri","Perciformes","Scorpaenidae","Scorpaena",TRUE,FALSE,FALSE,274733,NA,"Scorpaena pele"
"372","Eustomias braueri","Eustomias braueri","accepted","Eustomias braueri",NA,"species","Actinopteri","Stomiiformes","Stomiidae","Eustomias",TRUE,FALSE,FALSE,127341,NA,"Eustomias braueri"
"373","Callechelys lutea","Callechelys lutea","accepted","Callechelys lutea",NA,"species","Actinopteri","Anguilliformes","Ophichthidae","Callechelys",TRUE,FALSE,FALSE,275470,NA,"Callechelys lutea"
"374","Coelorinchus doryssus","Coelorinchus doryssus","accepted","Coelorinchus doryssus",NA,"species","Actinopteri","Gadiformes","Macrouridae","Coelorinchus",TRUE,FALSE,FALSE,280276,NA,"Coelorinchus doryssus"
"375","Kuronezumia bubonis","Kuronezumia bubonis","accepted","Kuronezumia bubonis",NA,"species","Actinopteri","Gadiformes","Macrouridae","Kuronezumia",TRUE,FALSE,FALSE,217772,NA,"Kuronezumia bubonis"
"376","Conger oligoporus","Conger oligoporus","accepted","Conger oligoporus",NA,"species","Actinopteri","Anguilliformes","Congridae","Conger",TRUE,FALSE,FALSE,271746,NA,"Conger oligoporus"
"377","Pteropsaron incisum","Pteropsaron incisum","accepted","Pteropsaron incisum",NA,"species","Actinopteri","Perciformes","Percophidae","Pteropsaron",TRUE,FALSE,FALSE,277644,NA,"Pteropsaron incisum"
"378","Stethopristes eos","Stethopristes eos","accepted","Stethopristes eos",NA,"species","Actinopteri","Zeiformes","Parazenidae","Stethopristes",TRUE,FALSE,FALSE,282885,NA,"Stethopristes eos"
"379","Entomacrodus marmoratus","Entomacrodus marmoratus","accepted","Entomacrodus marmoratus",NA,"species","Actinopteri","Blenniiformes","Blenniidae","Entomacrodus",TRUE,FALSE,FALSE,310506,NA,"Entomacrodus marmoratus"
"380","Cymolutes lecluse","Cymolutes lecluse","accepted","Cymolutes lecluse",NA,"species","Actinopteri","Eupercaria incertae sedis","Labridae","Cymolutes",TRUE,FALSE,FALSE,218968,NA,"Cymolutes lecluse"
"381","Ventrifossa ctenomelas","Ventrifossa ctenomelas","accepted","Ventrifossa ctenomelas",NA,"species","Actinopteri","Gadiformes","Macrouridae","Ventrifossa",TRUE,FALSE,FALSE,275591,NA,"Ventrifossa ctenomelas"
"382","Eustomias macrurus","Eustomias macrurus","accepted","Eustomias macrurus",NA,"species","Actinopteri","Stomiiformes","Stomiidae","Eustomias",TRUE,FALSE,FALSE,127346,NA,"Eustomias macrurus"
"383","Bathophilus altipinnis","Bathophilus altipinnis","accepted","Bathophilus altipinnis",NA,"species","Actinopteri","Stomiiformes","Stomiidae","Bathophilus",TRUE,FALSE,FALSE,158845,NA,"Bathophilus altipinnis"
"384","Gadella molokaiensis","Gadella molokaiensis","accepted","Gadella molokaiensis",NA,"species","Actinopteri","Gadiformes","Moridae","Gadella",TRUE,FALSE,FALSE,272466,NA,"Gadella molokaiensis"
"385","Nezumia kensmithi","Nezumia kensmithi","accepted","Nezumia kensmithi",NA,"species","Actinopteri","Gadiformes","Macrouridae","Nezumia",TRUE,FALSE,FALSE,272413,NA,"Nezumia kensmithi"
"386","Linophryne indica","Linophryne indica","accepted","Linophryne indica",NA,"species","Actinopteri","Lophiiformes","Linophrynidae","Linophryne",TRUE,FALSE,FALSE,272594,NA,"Linophryne indica"
"387","Eustomias satterleei","Eustomias satterleei","accepted","Eustomias satterleei",NA,"species","Actinopteri","Stomiiformes","Stomiidae","Eustomias",TRUE,FALSE,FALSE,275136,NA,"Eustomias satterleei"
"388","Enchelyurus brunneolus","Enchelyurus brunneolus","accepted","Enchelyurus brunneolus",NA,"species","Actinopteri","Blenniiformes","Blenniidae","Enchelyurus",TRUE,FALSE,FALSE,276883,NA,"Enchelyurus brunneolus"
"389","Scolecenchelys cookei","Scolecenchelys cookei","accepted","Scolecenchelys cookei",NA,"species","Actinopteri","Anguilliformes","Ophichthidae","Scolecenchelys",TRUE,FALSE,FALSE,282712,NA,"Scolecenchelys cookei"
"390","Paraliparis hawaiiensis","Paraliparis hawaiiensis","accepted","Paraliparis hawaiiensis",NA,"species","Actinopteri","Perciformes","Liparidae","Paraliparis",TRUE,FALSE,FALSE,1007123,NA,"Paraliparis hawaiiensis"
"391","Hymenocephalus antraeus","Hymenocephalus antraeus","accepted","Hymenocephalus antraeus",NA,"species","Actinopteri","Gadiformes","Macrouridae","Hymenocephalus",TRUE,FALSE,FALSE,272369,NA,"Hymenocephalus antraeus"
"392","Canthigaster inframacula","Canthigaster inframacula","accepted","Canthigaster inframacula",NA,"species","Actinopteri","Tetraodontiformes","Tetraodontidae","Canthigaster",TRUE,FALSE,FALSE,275254,NA,"Canthigaster inframacula"
"393","Ophichthus kunaloa","Ophichthus kunaloa","accepted","Ophichthus kunaloa",NA,"species","Actinopteri","Anguilliformes","Ophichthidae","Ophichthus",TRUE,FALSE,FALSE,271959,NA,"Ophichthus kunaloa"
"394","Malacocephalus hawaiiensis","Malacocephalus hawaiiensis","accepted","Malacocephalus hawaiiensis",NA,"species","Actinopteri","Gadiformes","Macrouridae","Malacocephalus",TRUE,FALSE,FALSE,272391,NA,"Malacocephalus hawaiiensis"
"395","Diaphus trachops","Diaphus trachops","accepted","Diaphus trachops",NA,"species","Actinopteri","Myctophiformes","Myctophidae","Diaphus",TRUE,FALSE,FALSE,272696,NA,"Diaphus trachops"
"396","Suezichthys notatus","Suezichthys notatus","accepted","Suezichthys notatus",NA,"species","Actinopteri","Eupercaria incertae sedis","Labridae","Suezichthys",TRUE,FALSE,FALSE,278743,NA,"Suezichthys notatus"
"397","Lestidiops mirabilis","Lestidiops mirabilis","accepted","Lestidiops mirabilis",NA,"species","Actinopteri","Aulopiformes","Paralepididae","Lestidiops",TRUE,FALSE,FALSE,272093,NA,"Lestidiops mirabilis"
"398","Sebastapistes galactacma","Sebastapistes galactacma","accepted","Sebastapistes galactacma",NA,"species","Actinopteri","Perciformes","Scorpaenidae","Sebastapistes",TRUE,FALSE,FALSE,274761,NA,"Sebastapistes galactacma"
"399","Sladenia remiger","Sladenia remiger","accepted","Sladenia remiger",NA,"species","Actinopteri","Lophiiformes","Lophiidae","Sladenia",TRUE,FALSE,FALSE,282815,NA,"Sladenia remiger"
"400","Eustomias schmidti","Eustomias schmidti","accepted","Eustomias schmidti",NA,"species","Actinopteri","Stomiiformes","Stomiidae","Eustomias",TRUE,FALSE,FALSE,127348,NA,"Eustomias schmidti"
"401","Melamphaes danae","Melamphaes danae","accepted","Melamphaes danae",NA,"species","Actinopteri","Beryciformes","Melamphaidae","Melamphaes",TRUE,FALSE,FALSE,215613,NA,"Melamphaes danae"
"402","Sphagemacrurus gibber","Sphagemacrurus gibber","accepted","Sphagemacrurus gibber",NA,"species","Actinopteri","Gadiformes","Macrouridae","Sphagemacrurus",TRUE,FALSE,FALSE,272439,NA,"Sphagemacrurus gibber"
"403","Brama myersi","Brama myersi","accepted","Brama myersi",NA,"species","Actinopteri","Scombriformes","Bramidae","Brama",TRUE,FALSE,FALSE,273149,NA,"Brama myersi"
"404","Epigonus fragilis","Epigonus fragilis","accepted","Epigonus fragilis",NA,"species","Actinopteri","Acropomatiformes","Epigonidae","Epigonus",TRUE,FALSE,FALSE,273409,NA,"Epigonus fragilis"
"405","Astronesthes quasiindicus","Astronesthes quasiindicus","accepted","Astronesthes quasiindicus",NA,"species","Actinopteri","Stomiiformes","Stomiidae","Astronesthes",TRUE,FALSE,FALSE,275035,NA,"Astronesthes quasiindicus"
"406","Mesovagus berryi","Mesobius berryi","unaccepted","Mesobius berryi",NA,"species","Actinopteri","Gadiformes","Macrouridae","Mesobius",TRUE,FALSE,FALSE,277603,NA,"Mesovagus berryi"
"407","Photostomias lucingens","Photostomias lucingens","accepted","Photostomias lucingens",NA,"species","Actinopteri","Stomiiformes","Stomiidae","Photostomias",TRUE,FALSE,FALSE,398367,NA,"Photostomias lucingens"
"408","Phyllophichthus xenodontus","Phyllophichthus xenodontus","accepted","Phyllophichthus xenodontus",NA,"species","Actinopteri","Anguilliformes","Ophichthidae","Phyllophichthus",TRUE,FALSE,FALSE,217592,NA,"Phyllophichthus xenodontus"
"409","Hollardia goslinei","Hollardia goslinei","accepted","Hollardia goslinei",NA,"species","Actinopteri","Tetraodontiformes","Triacanthodidae","Hollardia",TRUE,FALSE,FALSE,281083,NA,"Hollardia goslinei"
"410","Uropterygius polyspilus","Uropterygius polyspilus","accepted","Uropterygius polyspilus",NA,"species","Actinopteri","Anguilliformes","Muraenidae","Uropterygius",TRUE,FALSE,FALSE,212040,NA,"Uropterygius polyspilus"
"411","Pristilepis oligolepis","Pristilepis oligolepis","accepted","Pristilepis oligolepis",NA,"species","Actinopteri","Holocentriformes","Holocentridae","Pristilepis",TRUE,FALSE,FALSE,217938,NA,"Pristilepis oligolepis"
"412","Scorpaenopsis brevifrons","Scorpaenopsis brevifrons","accepted","Scorpaenopsis brevifrons",NA,"species","Actinopteri","Perciformes","Scorpaenidae","Scorpaenopsis",TRUE,FALSE,FALSE,218107,NA,"Scorpaenopsis brevifrons"
"413","Halieutopsis bathyoreos","Halieutopsis bathyoreos","accepted","Halieutopsis bathyoreos",NA,"species","Actinopteri","Lophiiformes","Ogcocephalidae","Halieutopsis",TRUE,FALSE,FALSE,220349,NA,"Halieutopsis bathyoreos"
"414","Ataxolepis henactis","Ataxolepis henactis","accepted","Ataxolepis henactis",NA,"species","Actinopteri","Beryciformes","Cetomimidae","Ataxolepis",TRUE,FALSE,FALSE,272245,NA,"Ataxolepis henactis"
"415","Nansenia pelagica","Nansenia pelagica","accepted","Nansenia pelagica",NA,"species","Actinopteri","Argentiniformes","Microstomatidae","Nansenia",TRUE,FALSE,FALSE,272931,NA,"Nansenia pelagica"
"416","Monognathus rosenblatti","Monognathus rosenblatti","accepted","Monognathus rosenblatti",NA,"species","Actinopteri","Saccopharyngiformes","Monognathidae","Monognathus",TRUE,FALSE,FALSE,274331,NA,"Monognathus rosenblatti"
"417","Solocisquama erythrina","Solocisquama erythrina","accepted","Solocisquama erythrina",NA,"species","Actinopteri","Lophiiformes","Ogcocephalidae","Solocisquama",TRUE,FALSE,FALSE,282828,NA,"Solocisquama erythrina"
"418","Ichthyapus platyrhynchus","Ichthyapus platyrhynchus","accepted","Ichthyapus platyrhynchus",NA,"species","Actinopteri","Anguilliformes","Ophichthidae","Ichthyapus",TRUE,FALSE,FALSE,398348,NA,"Ichthyapus platyrhynchus"
"419","Synodus mundyi","Synodus mundyi","accepted","Synodus mundyi",NA,"species","Actinopteri","Aulopiformes","Synodontidae","Synodus",TRUE,FALSE,FALSE,474907,NA,"Synodus mundyi"
"420","Hymenocephalus aterrimus","Hymenocephalus aterrimus","accepted","Hymenocephalus aterrimus",NA,"species","Actinopteri","Gadiformes","Macrouridae","Hymenocephalus",TRUE,FALSE,FALSE,272370,NA,"Hymenocephalus aterrimus"
"421","Alepocephalus blanfordii","Alepocephalus blanfordii","accepted","Alepocephalus blanfordii",NA,"species","Actinopteri","Alepocephaliformes","Alepocephalidae","Alepocephalus",TRUE,FALSE,FALSE,272841,NA,"Alepocephalus blanfordii"
"422","Bathycongrus guttulatus","Bathycongrus guttulatus","accepted","Bathycongrus guttulatus",NA,"species","Actinopteri","Anguilliformes","Congridae","Bathycongrus",TRUE,FALSE,FALSE,276868,NA,"Bathycongrus guttulatus"
"423","Halicampus edmondsoni","Halicampus edmondsoni","accepted","Halicampus edmondsoni",NA,"species","Actinopteri","Syngnathiformes","Syngnathidae","Halicampus",TRUE,FALSE,FALSE,277189,NA,"Halicampus edmondsoni"
"424","Pseudanthias hawaiiensis","Pseudanthias hawaiiensis","accepted","Pseudanthias hawaiiensis",NA,"species","Actinopteri","Perciformes","Serranidae","Pseudanthias",TRUE,FALSE,FALSE,1012511,NA,"Pseudanthias hawaiiensis"
"425","Leptobrotula breviventralis","Leptobrotula breviventralis","accepted","Leptobrotula breviventralis",NA,"species","Actinopteri","Ophidiiformes","Ophidiidae","Leptobrotula",TRUE,FALSE,FALSE,217805,NA,"Leptobrotula breviventralis"
"426","Ostichthys archiepiscopus","Ostichthys archiepiscopus","accepted","Ostichthys archiepiscopus",NA,"species","Actinopteri","Holocentriformes","Holocentridae","Ostichthys",TRUE,FALSE,FALSE,217933,NA,"Ostichthys archiepiscopus"
"427","Ichthyococcus intermedius","Ichthyococcus intermedius","accepted","Ichthyococcus intermedius",NA,"species","Actinopteri","Stomiiformes","Phosichthyidae","Ichthyococcus",TRUE,FALSE,FALSE,274953,NA,"Ichthyococcus intermedius"
"428","Bathophilus schizochirus","Bathophilus schizochirus","accepted","Bathophilus schizochirus",NA,"species","Actinopteri","Stomiiformes","Stomiidae","Bathophilus",TRUE,FALSE,FALSE,275049,NA,"Bathophilus schizochirus"
"429","Kelloggella oligolepis","Kelloggella oligolepis","accepted","Kelloggella oligolepis",NA,"species","Actinopteri","Gobiiformes","Gobiidae","Kelloggella",TRUE,FALSE,FALSE,279214,NA,"Kelloggella oligolepis"
"430","Aseraggodes therese","Aseraggodes therese","accepted","Aseraggodes therese",NA,"species","Actinopteri","Pleuronectiformes","Soleidae","Aseraggodes",TRUE,FALSE,FALSE,279743,NA,"Aseraggodes therese"
"431","Platyberyx paucus","Platyberyx paucus","accepted","Platyberyx paucus",NA,"species","Actinopteri","Scombriformes","Caristiidae","Platyberyx",TRUE,FALSE,FALSE,835101,NA,"Platyberyx paucus"
"432","Synodus lobeli","Synodus lobeli","accepted","Synodus lobeli",NA,"species","Actinopteri","Aulopiformes","Synodontidae","Synodus",TRUE,FALSE,FALSE,272131,NA,"Synodus lobeli"
"433","Epigonus glossodontus","Epigonus glossodontus","accepted","Epigonus glossodontus",NA,"species","Actinopteri","Acropomatiformes","Epigonidae","Epigonus",TRUE,FALSE,FALSE,273410,NA,"Epigonus glossodontus"
"434","Eustomias similis","Eustomias similis","accepted","Eustomias similis",NA,"species","Actinopteri","Stomiiformes","Stomiidae","Eustomias",TRUE,FALSE,FALSE,275137,NA,"Eustomias similis"
"435","Opua nephodes","Opua nephodes","accepted","Opua nephodes",NA,"species","Actinopteri","Gobiiformes","Gobiidae","Opua",TRUE,FALSE,FALSE,276978,NA,"Opua nephodes"
"436","Coryphaenoides longicirrhus","Coryphaenoides longicirrhus","accepted","Coryphaenoides longicirrhus",NA,"species","Actinopteri","Gadiformes","Macrouridae","Coryphaenoides",TRUE,FALSE,FALSE,272335,NA,"Coryphaenoides longicirrhus"
"437","Nansenia ahlstromi","Nansenia ahlstromi","accepted","Nansenia ahlstromi",NA,"species","Actinopteri","Argentiniformes","Microstomatidae","Nansenia",TRUE,FALSE,FALSE,272923,NA,"Nansenia ahlstromi"
"438","Rhinopias xenops","Rhinopias xenops","accepted","Rhinopias xenops",NA,"species","Actinopteri","Perciformes","Scorpaenidae","Rhinopias",TRUE,FALSE,FALSE,277219,NA,"Rhinopias xenops"
"439","Scorpaenopsis pluralis","Scorpaenopsis pluralis","accepted","Scorpaenopsis pluralis",NA,"species","Actinopteri","Perciformes","Scorpaenidae","Scorpaenopsis",TRUE,FALSE,FALSE,277534,NA,"Scorpaenopsis pluralis"
"440","Conger marginatus","Conger marginatus","accepted","Conger marginatus",NA,"species","Actinopteri","Anguilliformes","Congridae","Conger",TRUE,FALSE,FALSE,299452,NA,"Conger marginatus"
"441","Radiicephalus elongatus","Radiicephalus elongatus","accepted","Radiicephalus elongatus",NA,"species","Actinopteri","Lampriformes","Radiicephalidae","Radiicephalus",TRUE,FALSE,FALSE,126524,NA,"Radiicephalus elongatus"
"442","Gigantactis perlatus","Gigantactis perlatus","accepted","Gigantactis perlatus",NA,"species","Actinopteri","Lophiiformes","Gigantactinidae","Gigantactis",TRUE,FALSE,FALSE,159157,NA,"Gigantactis perlatus"
"443","Gadomus melanopterus","Gadomus melanopterus","accepted","Gadomus melanopterus",NA,"species","Actinopteri","Gadiformes","Macrouridae","Gadomus",TRUE,FALSE,FALSE,272366,NA,"Gadomus melanopterus"
"444","Nezumia burragei","Nezumia burragei","accepted","Nezumia burragei",NA,"species","Actinopteri","Gadiformes","Macrouridae","Nezumia",TRUE,FALSE,FALSE,272400,NA,"Nezumia burragei"
"445","Brotulotaenia nielseni","Brotulotaenia nielseni","accepted","Brotulotaenia nielseni",NA,"species","Actinopteri","Ophidiiformes","Ophidiidae","Brotulotaenia",TRUE,FALSE,FALSE,272798,NA,"Brotulotaenia nielseni"
"446","Synchiropus hawaiiensis","Synchiropus hawaiiensis","accepted","Synchiropus hawaiiensis",NA,"species","Actinopteri","Callionymiformes","Callionymidae","Synchiropus",TRUE,FALSE,FALSE,273245,NA,"Synchiropus hawaiiensis"
"447","Eustomias deofamiliaris","Eustomias deofamiliaris","accepted","Eustomias deofamiliaris",NA,"species","Actinopteri","Stomiiformes","Stomiidae","Eustomias",TRUE,FALSE,FALSE,275087,NA,"Eustomias deofamiliaris"
"448","Priolepis limbatosquamis","Priolepis limbatosquamis","accepted","Priolepis limbatosquamis",NA,"species","Actinopteri","Gobiiformes","Gobiidae","Priolepis",TRUE,FALSE,FALSE,276771,NA,"Priolepis limbatosquamis"
"449","Pycnocraspedum armatum","Pycnocraspedum armatum","accepted","Pycnocraspedum armatum",NA,"species","Actinopteri","Ophidiiformes","Ophidiidae","Pycnocraspedum",TRUE,FALSE,FALSE,276910,NA,"Pycnocraspedum armatum"
"450","Coelorinchus spilonotus","Coelorinchus spilonotus","accepted","Coelorinchus spilonotus",NA,"species","Actinopteri","Gadiformes","Macrouridae","Coelorinchus",TRUE,FALSE,FALSE,280344,NA,"Coelorinchus spilonotus"
"451","Roa excelsa","Roa excelsa","accepted","Roa excelsa",NA,"species","Actinopteri","Acanthuriformes","Chaetodontidae","Roa",TRUE,FALSE,FALSE,321097,NA,"Roa excelsa"
"452","Scopeloberyx pequenoi","Scopeloberyx pequenoi","accepted","Scopeloberyx pequenoi",NA,"species","Actinopteri","Beryciformes","Melamphaidae","Scopeloberyx",TRUE,FALSE,FALSE,388864,NA,"Scopeloberyx pequenoi"
"453","Eustomias simplex","Eustomias simplex","accepted","Eustomias simplex",NA,"species","Actinopteri","Stomiiformes","Stomiidae","Eustomias",TRUE,FALSE,FALSE,127349,NA,"Eustomias simplex"
"454","Gymnothorax prismodon","Gymnothorax prismodon","accepted","Gymnothorax prismodon",NA,"species","Actinopteri","Anguilliformes","Muraenidae","Gymnothorax",TRUE,FALSE,FALSE,271875,NA,"Gymnothorax prismodon"
"455","Minyichthys brachyrhinus","Minyichthys brachyrhinus","accepted","Minyichthys brachyrhinus",NA,"species","Actinopteri","Syngnathiformes","Syngnathidae","Minyichthys",TRUE,FALSE,FALSE,275214,NA,"Minyichthys brachyrhinus"
"456","Halieutopsis margaretae","Halieutopsis margaretae","accepted","Halieutopsis margaretae",NA,"species","Actinopteri","Lophiiformes","Ogcocephalidae","Halieutopsis",TRUE,FALSE,FALSE,278804,NA,"Halieutopsis margaretae"
"457","Rhynchactis leptonema","Rhynchactis leptonema","accepted","Rhynchactis leptonema",NA,"species","Actinopteri","Lophiiformes","Gigantactinidae","Rhynchactis",TRUE,FALSE,FALSE,282607,NA,"Rhynchactis leptonema"
"458","Synchiropus corallinus","Synchiropus corallinus","accepted","Synchiropus corallinus",NA,"species","Actinopteri","Callionymiformes","Callionymidae","Synchiropus",TRUE,FALSE,FALSE,302274,NA,"Synchiropus corallinus"
"459","Typhlonus nasus","Typhlonus nasus","accepted","Typhlonus nasus",NA,"species","Actinopteri","Ophidiiformes","Ophidiidae","Typhlonus",TRUE,FALSE,FALSE,158777,NA,"Typhlonus nasus"
"460","Eustomias achirus","Eustomias achirus","accepted","Eustomias achirus",NA,"species","Actinopteri","Stomiiformes","Stomiidae","Eustomias",TRUE,FALSE,FALSE,158848,NA,"Eustomias achirus"
"461","Nezumia propinqua","Nezumia propinqua","accepted","Nezumia propinqua",NA,"species","Actinopteri","Gadiformes","Macrouridae","Nezumia",TRUE,FALSE,FALSE,217778,NA,"Nezumia propinqua"
"462","Gymnothorax polyspondylus","Gymnothorax polyspondylus","accepted","Gymnothorax polyspondylus",NA,"species","Actinopteri","Anguilliformes","Muraenidae","Gymnothorax",TRUE,FALSE,FALSE,271870,NA,"Gymnothorax polyspondylus"
"463","Nettenchelys gephyra","Nettenchelys gephyra","accepted","Nettenchelys gephyra",NA,"species","Actinopteri","Anguilliformes","Nettastomatidae","Nettenchelys",TRUE,FALSE,FALSE,281738,NA,"Nettenchelys gephyra"
"464","Pseudocetonurus septifer","Pseudocetonurus septifer","accepted","Pseudocetonurus septifer",NA,"species","Actinopteri","Gadiformes","Macrouridae","Pseudocetonurus",TRUE,FALSE,FALSE,282416,NA,"Pseudocetonurus septifer"
"465","Chiasmodon asper","Chiasmodon asper","accepted","Chiasmodon asper",NA,"species","Actinopteri","Scombriformes","Chiasmodontidae","Chiasmodon",TRUE,FALSE,FALSE,712794,NA,"Chiasmodon asper"
"466","Lampanyctus gibbsi","Lampanyctus gibbsi","accepted","Lampanyctus gibbsi",NA,"species","Actinopteri","Myctophiformes","Myctophidae","Lampanyctus",TRUE,FALSE,FALSE,1525479,NA,"Lampanyctus gibbsi"
"467","Eustomias ioani","Eustomias ioani","accepted","Eustomias ioani",NA,"species","Actinopteri","Stomiiformes","Stomiidae","Eustomias",TRUE,FALSE,FALSE,275101,NA,"Eustomias ioani"
"468","Poromitra rugosa","Poromitra rugosa","accepted","Poromitra rugosa",NA,"species","Actinopteri","Beryciformes","Melamphaidae","Poromitra",TRUE,FALSE,FALSE,474953,NA,"Poromitra rugosa"
